asset,row,tf,tp,conf,rr,sess,pf,win,trades_wk,c5374,c12654,cMNQ,is_pass,oos_pass,oos_days,risk,capped
MGC,7068,5min,opposite_level,break_of_structure,3.0,03:00-12:30,4.46,71.9,4.8,0.04,0.08,-0.03,97.9,98.4,12,500,0.1
MGC,14245,5min,reversal_to_open,reversal_cross_back,2.0,03:00-13:00,4.99,65.2,8.1,0.05,0.03,-0.05,95.7,96.8,16,500,1.3
MGC,4104,5min,reversal_to_open,immediate_break,2.0,05:00-10:30,5.94,71.6,7.4,0.11,0.01,0.06,95.7,99.2,17,500,0.5
MGC,9488,3min,opposite_level,reversal_cross_back,4.0,03:00-11:30,4.95,57.7,3.9,0.02,0.05,-0.01,95.7,92.8,22,500,16.4
MGC,11056,5min,opposite_level,reversal_cross_back,1.25,03:00-11:30,4.24,64.6,9.5,0.05,0.04,-0.02,95.2,96.0,16,500,5.8
MGC,9163,5min,opposite_level,reversal_cross_back,4.0,03:00-10:30,4.86,71.2,6.7,0.04,0.1,-0.03,95.2,98.4,15,500,0.2
MGC,10720,5min,reversal_to_open,reversal_cross_back,1.0,03:00-10:30,4.46,59.6,10.7,0.05,0.03,-0.06,94.1,95.2,16,500,4.8
MGC,21601,5min,opposite_level,immediate_break,1.0,03:00-10:30,5.01,60.9,4.9,0.02,0.05,-0.03,94.1,96.8,12,500,4.7
MGC,12219,3min,opposite_level,immediate_break,3.0,03:00-11:30,4.85,57.4,4.9,0.02,0.05,-0.04,94.1,95.2,12,500,3.9
MGC,15476,3min,reversal_to_open,reversal_cross_back,3.0,03:00-16:00,4.82,65.8,6.4,0.04,-0.02,0.01,98.4,95.2,19,500,1.1
MGC,3137,5min,reversal_to_open,reversal_cross_back,2.5,03:00-11:30,4.78,61.8,6.9,0.04,0.02,-0.05,97.3,95.2,18,500,1.9
MGC,21815,5min,reversal_to_open,immediate_break,4.0,05:00-14:00,4.11,65.3,4.9,0.11,0.05,0.01,96.8,96.8,22,500,0.8
MGC,6524,5min,reversal_to_open,reversal_cross_back,2.0,03:00-14:00,3.94,61.0,8.1,0.05,0.02,-0.03,93.1,95.2,16,500,0.5
MGC,22471,5min,reversal_to_open,break_of_structure,4.0,03:00-11:00,5.37,68.4,4.8,0.09,0.07,-0.0,100.0,99.2,17,500,0.1
MGC,21425,5min,opposite_level,reversal_cross_back,1.5,03:00-13:00,4.79,62.8,7.8,0.01,0.02,0.03,92.6,92.8,16,500,9.4
MGC,7420,5min,opposite_level,immediate_break,4.0,03:00-10:30,5.67,51.9,3.9,-0.0,0.01,0.01,96.3,91.2,17,500,30.1
MGC,11629,5min,opposite_level,reversal_cross_back,2.5,03:00-11:00,4.34,66.4,4.2,0.04,0.04,-0.03,97.3,94.4,17,500,0.1
MGC,8214,3min,reversal_to_open,reversal_cross_back,1.25,03:00-15:00,5.32,67.0,3.9,0.07,0.03,-0.07,99.5,92.8,24,500,4.5
MGC,2438,5min,opposite_level,reversal_cross_back,4.0,03:00-11:00,4.92,61.1,3.6,0.03,0.01,-0.02,92.6,92.0,23,500,7.1
MGC,22557,5min,reversal_to_open,reversal_cross_back,1.5,03:00-15:00,4.79,63.3,4.9,0.05,0.05,-0.04,98.4,94.4,19,500,1.2
MGC,10325,5min,opposite_level,reversal_cross_back,1.25,03:00-10:30,4.27,61.9,3.9,0.01,0.05,-0.04,96.8,90.4,23,500,6.6
MGC,16609,5min,reversal_to_open,reversal_cross_back,4.0,03:00-11:30,3.75,65.7,12.6,0.04,0.01,-0.03,92.0,96.0,10,500,0.4
MGC,16824,5min,reversal_to_open,reversal_cross_back,4.0,03:00-14:00,5.68,70.6,11.8,0.09,0.01,-0.05,92.0,97.6,16,500,0.4
MGC,20809,5min,reversal_to_open,close_beyond,2.5,05:00-14:00,4.31,65.2,8.8,0.12,0.04,0.01,92.0,88.0,16,500,0.9
MGC,10437,5min,reversal_to_open,close_beyond,1.5,05:00-10:30,5.23,69.1,3.8,0.09,0.02,0.04,97.9,97.6,24,500,2.8
MCL,8044,5min,opposite_level,break_of_structure,1.5,03:00-13:00,6.97,77.9,4.4,-0.02,0.01,0.04,100.0,97.6,17,500,0.3
MCL,13336,5min,opposite_level,reversal_cross_back,1.0,03:00-11:30,6.12,70.0,3.9,-0.0,-0.02,0.01,100.0,95.2,23,500,12.4
MCL,8026,5min,opposite_level,break_of_structure,1.0,03:00-11:00,7.28,78.3,4.0,-0.03,-0.0,0.04,98.9,96.8,17,500,0.7
MCL,16931,5min,opposite_level,break_of_structure,3.0,03:00-11:30,7.01,76.0,7.8,-0.02,0.01,0.05,98.4,95.2,16,500,0.6
MCL,11329,5min,opposite_level,reversal_cross_back,1.0,03:00-11:00,5.54,69.0,3.9,0.0,-0.01,0.11,98.4,95.2,19,500,1.1
MCL,16654,5min,opposite_level,immediate_break,2.0,03:00-11:30,5.63,61.4,3.9,-0.03,-0.01,0.12,97.9,91.3,17,500,9.1
MCL,1168,5min,opposite_level,break_of_structure,1.0,03:00-12:30,4.82,68.4,4.9,-0.01,0.02,0.04,97.9,96.8,18,500,1.8
MCL,11854,5min,reversal_to_open,reversal_cross_back,4.0,03:00-10:30,5.66,65.2,11.6,0.0,0.01,0.0,96.8,95.2,15,500,8.0
MCL,9986,5min,opposite_level,reversal_cross_back,2.5,03:00-11:30,4.25,66.0,11.1,0.02,-0.0,0.02,96.8,93.7,11,500,0.7
MCL,15549,5min,reversal_to_open,break_of_structure,3.0,03:00-11:00,6.46,68.8,3.9,-0.03,0.01,0.1,100.0,97.6,23,500,3.1
MCL,2539,5min,reversal_to_open,reversal_cross_back,4.0,03:00-14:00,6.36,70.3,9.8,0.05,0.06,0.04,96.3,91.3,11,500,0.9
MCL,1222,5min,reversal_to_open,reversal_cross_back,1.0,03:00-11:30,7.1,71.2,7.9,-0.02,0.03,-0.01,96.3,94.4,15,500,2.4
MCL,4051,5min,reversal_to_open,reversal_cross_back,1.25,03:00-11:00,6.06,65.7,6.6,0.05,0.03,0.02,96.3,94.4,17,500,15.5
MCL,19883,5min,reversal_to_open,reversal_cross_back,2.0,05:00-15:00,4.64,68.0,7.7,0.09,0.03,0.0,96.3,96.8,19,500,0.4
MCL,3290,5min,reversal_to_open,reversal_cross_back,1.5,03:00-10:30,6.7,69.8,3.7,0.02,0.08,0.04,98.9,96.8,24,500,3.8
MCL,13641,5min,opposite_level,reversal_cross_back,1.25,03:00-11:30,5.38,69.6,9.3,0.02,0.04,0.03,95.2,92.1,11,500,5.0
MCL,6256,5min,reversal_to_open,reversal_cross_back,1.5,03:00-15:00,5.28,61.6,4.9,0.05,0.03,0.05,95.2,96.0,18,500,13.5
MCL,17104,3min,reversal_to_open,reversal_cross_back,2.0,03:00-11:30,4.83,67.6,11.5,0.03,-0.03,0.11,94.7,90.5,15,500,1.8
MCL,22531,5min,reversal_to_open,immediate_break,1.5,05:00-14:00,5.0,69.6,9.6,0.02,0.02,0.0,94.7,92.1,12,500,4.0
MCL,7605,3min,opposite_level,reversal_cross_back,4.0,03:00-11:00,4.29,55.7,11.2,-0.01,-0.02,0.01,94.7,84.1,16,500,19.3
MCL,7751,5min,opposite_level,reversal_cross_back,2.0,03:00-11:30,3.93,62.2,11.8,0.01,-0.0,0.03,94.7,92.1,12,500,4.2
MCL,17550,5min,opposite_level,break_of_structure,1.5,03:00-11:00,6.19,76.6,3.8,0.02,0.07,-0.01,97.9,96.8,25,500,9.3
MCL,5416,5min,reversal_to_open,reversal_cross_back,1.25,05:00-15:00,4.59,72.1,7.8,-0.01,-0.01,-0.01,94.7,95.2,16,500,2.1
MCL,11707,5min,opposite_level,reversal_cross_back,2.5,03:00-11:00,5.53,58.7,4.0,-0.01,0.01,0.03,98.4,90.5,23,500,29.6
MCL,3457,5min,reversal_to_open,reversal_cross_back,3.0,03:00-11:30,5.03,65.9,10.9,0.03,0.08,0.02,94.1,92.0,15,500,7.1
6J,2710,5min,opposite_level,reversal_cross_back,3.0,03:00-10:30,5.25,65.2,4.5,0.08,0.05,-0.04,100.0,98.4,16,750,87.5
6J,969,5min,reversal_to_open,reversal_cross_back,1.0,03:00-11:30,5.74,76.0,7.1,0.14,0.04,-0.06,100.0,99.2,17,500,49.6
6J,16753,5min,opposite_level,reversal_cross_back,1.5,03:00-15:00,5.8,76.5,3.6,0.08,-0.01,-0.06,100.0,96.8,23,750,68.6
6J,6313,5min,opposite_level,immediate_break,4.0,03:00-12:30,5.46,55.4,4.0,0.04,0.04,-0.03,100.0,97.6,18,500,90.5
6J,13156,5min,reversal_to_open,reversal_cross_back,1.5,03:00-11:00,4.94,67.3,9.2,0.17,0.05,-0.03,100.0,96.0,23,500,50.0
6J,6244,5min,opposite_level,immediate_break,2.0,05:00-11:30,4.32,66.2,3.9,0.11,0.02,0.03,100.0,97.6,23,750,87.3
6J,11997,5min,reversal_to_open,reversal_cross_back,1.5,03:00-14:00,4.67,66.9,8.5,0.18,0.05,-0.03,100.0,94.4,23,500,57.8
6J,3523,5min,reversal_to_open,close_beyond,2.5,03:00-12:30,4.64,56.0,4.8,0.1,0.05,-0.04,100.0,99.2,19,500,88.7
6J,6653,5min,opposite_level,reversal_cross_back,1.25,03:00-10:30,4.19,58.3,3.9,0.02,-0.0,-0.03,100.0,92.0,23,750,92.9
6J,9258,5min,opposite_level,reversal_cross_back,2.0,03:00-14:00,5.41,75.7,3.9,0.13,0.1,-0.03,100.0,97.6,24,500,43.2
6J,1053,5min,opposite_level,reversal_cross_back,2.0,03:00-15:00,4.67,69.7,7.9,0.08,0.03,-0.05,99.5,98.4,16,500,59.6
6J,7571,5min,reversal_to_open,reversal_cross_back,2.0,03:00-14:00,5.39,69.7,7.8,0.18,0.07,-0.02,99.5,96.8,17,750,86.8
6J,8552,5min,reversal_to_open,reversal_cross_back,1.25,03:00-13:00,3.96,65.0,9.8,0.15,0.05,-0.03,99.5,95.2,19,500,58.3
6J,13733,5min,opposite_level,break_of_structure,2.5,03:00-13:00,5.1,71.1,3.9,0.08,0.13,-0.01,100.0,97.6,22,500,49.3
6J,17903,5min,opposite_level,close_beyond,4.0,03:00-11:30,4.8,51.4,8.7,0.11,0.08,-0.0,99.5,96.0,16,500,91.5
6J,14955,5min,reversal_to_open,reversal_cross_back,2.0,03:00-11:00,4.07,66.3,10.4,0.13,0.1,-0.02,99.5,89.6,19,500,50.7
6J,18167,3min,opposite_level,reversal_cross_back,1.0,03:00-12:30,3.58,54.4,6.6,0.05,0.08,-0.04,99.5,93.6,18,750,93.8
6J,9981,5min,opposite_level,reversal_cross_back,2.0,03:00-13:00,4.77,64.3,8.8,0.07,0.05,-0.04,98.9,99.2,12,750,85.1
6J,7271,5min,reversal_to_open,reversal_cross_back,1.5,03:00-14:00,4.42,64.8,9.8,0.16,0.05,-0.01,98.9,98.4,16,500,65.3
6J,10232,5min,opposite_level,immediate_break,1.5,03:00-11:30,5.05,54.1,7.9,0.03,0.03,-0.03,98.9,94.4,16,500,91.1
6J,10644,5min,opposite_level,immediate_break,1.5,03:00-13:00,5.0,58.4,3.9,0.05,0.1,-0.03,98.9,97.6,19,500,82.4
6J,20474,3min,opposite_level,break_of_structure,3.0,03:00-11:00,5.39,71.4,3.7,0.04,0.08,-0.02,100.0,96.8,22,500,48.0
6J,9964,5min,opposite_level,reversal_cross_back,3.0,03:00-15:00,4.91,67.7,3.9,0.06,0.08,-0.06,98.9,93.6,24,500,63.4
6J,11621,3min,reversal_to_open,reversal_cross_back,2.5,03:00-10:30,3.81,59.9,8.9,0.14,0.06,-0.03,98.9,96.8,17,500,82.2
6J,18113,3min,reversal_to_open,reversal_cross_back,1.5,03:00-14:00,3.78,55.9,8.6,0.11,0.08,-0.04,98.9,96.0,17,500,84.7
