MNQ risk,6E risk,day_stop,OOS pass%,OOS days,OOS p90,full pass%,full days,funded E$ (5 cap),reach 5 payouts%,days to 5th,funded breach%,12m E$ uncapped
0,250,-,98.4,11,18,98.7,10,11784,99.2,51,0.8,82787
0,250,500,98.4,11,19,97.8,11,11647,98.1,53,1.9,79088
0,250,750,98.4,11,18,98.1,10,11692,98.5,51,1.5,81554
0,250,1000,98.4,11,18,98.7,10,11784,99.2,51,0.8,82787
0,375,-,97.6,10,18,98.1,9,11692,98.5,50,1.5,83801
0,375,500,99.2,10,18,97.4,10,11555,97.3,52,2.7,77800
0,375,750,99.2,10,18,97.4,10,11555,97.3,51,2.7,80394
0,375,1000,97.6,10,18,97.8,9,11647,98.1,50,1.9,83244
0,500,-,96.8,9,17,95.8,9,11418,96.2,47,3.8,83426
0,500,500,98.4,11,22,94.9,10,11236,94.6,53,5.4,73972
0,500,750,97.6,10,18,95.8,9,11373,95.8,51,4.2,79855
0,500,1000,96.0,10,17,96.8,9,11555,97.3,50,2.7,83591
0,750,-,95.2,9,17,94.9,9,11281,95.0,47,5.0,82659
0,750,500,97.6,11,22,94.9,10,11236,94.6,53,5.4,72958
0,750,750,97.6,10,18,95.8,10,11373,95.8,51,4.2,78841
0,750,1000,95.2,10,17,95.2,9,11327,95.4,50,4.6,81581
250,0,-,96.8,22,33,98.1,23,11775,98.8,87,1.2,56726
250,0,500,96.8,22,33,98.1,23,11775,98.8,87,1.2,56726
250,0,750,96.8,22,33,98.1,23,11775,98.8,87,1.2,56726
250,0,1000,96.8,22,33,98.1,23,11775,98.8,87,1.2,56726
250,250,-,96.8,8,12,98.4,8,11829,99.6,45,0.4,91072
250,250,500,99.2,9,15,98.7,9,11738,98.8,47,1.2,85189
250,250,750,97.6,8,12,99.0,9,11875,100.0,46,0.0,90150
250,250,1000,97.6,8,12,98.7,8,11829,99.6,45,0.4,91090
250,375,-,94.4,8,12,97.1,9,11692,98.5,45,1.5,90186
250,375,500,99.2,9,16,97.8,9,11601,97.7,50,2.3,83207
250,375,750,97.6,9,15,97.8,9,11692,98.5,46,1.5,87500
250,375,1000,95.2,8,12,97.4,9,11692,98.5,45,1.5,89939
250,500,-,94.4,8,12,96.5,9,11601,97.7,45,2.3,88788
250,500,500,98.4,9,17,96.5,9,11464,96.5,51,3.5,78174
250,500,750,96.8,9,15,97.4,9,11610,97.7,46,2.3,85180
250,500,1000,95.2,8,12,97.1,9,11647,98.1,45,1.9,88332
250,750,-,94.4,8,12,95.2,8,11418,96.2,46,3.8,87080
250,750,500,98.4,10,16,95.8,10,11327,95.4,52,4.6,75689
250,750,750,97.6,9,16,96.8,9,11427,96.2,47,3.8,82212
250,750,1000,95.2,9,12,96.8,9,11564,97.3,46,2.7,86715
375,0,-,96.0,12,24,93.6,15,10898,91.2,68,8.8,60727
375,0,500,96.0,12,24,93.6,15,10898,91.2,68,8.8,60727
375,0,750,96.0,12,24,93.6,15,10898,91.2,68,8.8,60727
375,0,1000,96.0,12,24,93.6,15,10898,91.2,68,8.8,60727
375,250,-,96.8,8,12,98.1,8,11784,99.2,45,0.8,91017
375,250,500,97.6,9,16,98.1,9,11647,98.1,50,1.9,84303
375,250,750,97.6,8,12,98.4,8,11784,99.2,46,0.8,89291
375,250,1000,97.6,8,12,98.1,8,11738,98.8,45,1.2,90314
375,375,-,94.4,8,12,96.2,8,11555,97.3,45,2.7,90204
375,375,500,96.8,9,16,96.5,9,11464,96.5,47,3.5,82623
375,375,750,97.6,8,15,97.8,8,11692,98.5,46,1.5,87957
375,375,1000,96.0,8,12,98.1,8,11784,99.2,45,0.8,91182
375,500,-,94.4,8,11,95.8,8,11510,96.9,45,3.1,89583
375,500,500,96.0,9,17,95.2,9,11281,95.0,51,5.0,77142
375,500,750,97.6,9,16,97.4,9,11610,97.7,46,2.3,85637
375,500,1000,95.2,8,12,97.1,8,11647,98.1,45,1.9,89035
375,750,-,94.4,8,12,95.8,8,11473,96.5,45,3.5,88953
375,750,500,96.0,9,16,94.6,9,11190,94.2,52,5.8,74940
375,750,750,96.0,9,15,96.2,9,11427,96.2,47,3.8,82440
375,750,1000,95.2,9,12,97.1,9,11610,97.7,46,2.3,87610
500,0,-,88.8,9,19,86.9,9,9838,81.9,64,18.1,55721
500,0,500,91.2,9,19,89.4,10,10176,85.0,66,15.0,54716
500,0,750,88.8,9,19,86.9,9,9838,81.9,64,18.1,55721
500,0,1000,88.8,9,19,86.9,9,9838,81.9,64,18.1,55721
500,250,-,96.0,8,12,95.5,8,11464,96.5,45,3.5,87701
500,250,500,96.0,9,16,96.8,9,11519,96.9,50,3.1,82303
500,250,750,96.8,8,12,97.4,8,11692,98.5,47,1.5,87500
500,250,1000,96.8,8,12,96.5,8,11555,97.3,46,2.7,87775
500,375,-,94.4,8,12,93.6,8,11190,94.2,45,5.8,86212
500,375,500,95.2,9,17,95.5,9,11418,96.2,50,3.8,81042
500,375,750,97.6,8,15,96.8,8,11555,97.3,46,2.7,85509
500,375,1000,96.0,8,12,96.2,8,11555,97.3,45,2.7,88039
500,500,-,93.6,9,12,93.9,8,11281,95.0,45,5.0,86925
500,500,500,95.2,9,17,94.6,9,11281,95.0,51,5.0,76420
500,500,750,97.6,9,16,96.8,9,11519,96.9,47,3.1,84066
500,500,1000,95.2,9,12,96.2,9,11555,97.3,46,2.7,87546
500,750,-,93.6,8,15,93.9,8,11245,94.6,45,5.4,87062
500,750,500,94.4,9,17,93.9,9,11099,93.5,52,6.5,73972
500,750,750,96.8,9,16,96.2,9,11427,96.2,47,3.8,82376
500,750,1000,95.2,9,15,96.5,9,11519,96.9,46,3.1,86952
750,0,-,80.8,9,15,77.6,9,8696,72.3,64,27.7,49437
750,0,500,82.4,9,17,78.8,9,8915,74.6,66,25.4,47920
750,0,750,82.4,9,17,78.5,9,8870,74.2,66,25.8,47993
750,0,1000,80.8,9,15,77.6,9,8696,72.3,64,27.7,49437
750,250,-,91.2,8,15,90.1,8,10742,90.4,46,9.6,81125
750,250,500,89.6,9,16,91.0,9,10962,92.3,50,7.7,77233
750,250,750,90.4,8,15,91.3,8,10916,91.9,47,8.1,80439
750,250,1000,92.0,8,15,91.7,8,10962,92.3,46,7.7,82184
750,375,-,89.6,8,12,90.1,8,10779,90.8,45,9.2,82038
750,375,500,93.6,9,18,92.9,9,11062,93.1,50,6.9,77434
750,375,750,94.4,9,16,92.6,8,11007,92.7,47,7.3,80595
750,375,1000,92.0,9,15,92.3,8,11016,92.7,46,7.3,82897
750,500,-,91.2,8,15,91.0,8,10870,91.5,45,8.5,82878
750,500,500,92.0,10,18,92.0,9,10925,91.9,52,8.1,73040
750,500,750,92.8,9,17,92.3,9,10971,92.3,47,7.7,79453
750,500,1000,92.0,9,15,92.6,8,11099,93.5,46,6.5,82924
750,750,-,90.4,8,15,91.7,8,10925,91.9,45,8.1,83737
750,750,500,91.2,9,18,91.3,9,10788,90.8,53,9.2,71241
750,750,750,92.0,9,16,91.7,9,10834,91.2,47,8.8,77781
750,750,1000,91.2,9,15,92.9,8,11062,93.1,46,6.9,82741
