row,tf,tp,conf,rr,sess,lv,pf,corr,same_trades,is_pass,oos_pass,oos_days,risk,capped
16110,3min,opposite_level,close_beyond,2.0,05:00-14:00,S2,4.02,0.15,0.3,90.4,78.6,17,500,57.4
11904,5min,opposite_level,immediate_break,2.5,03:00-10:30,S2,5.48,0.15,0.57,96.8,92.1,12,500,81.2
21383,5min,opposite_level,immediate_break,1.25,03:00-16:00,S,6.3,0.16,0.64,99.5,96.8,15,750,74.8
22882,5min,opposite_level,close_beyond,2.5,03:00-12:30,S,4.97,0.17,0.62,98.9,96.0,16,500,64.4
15135,5min,opposite_level,close_beyond,1.0,03:00-14:00,S2,4.98,0.18,0.58,95.2,92.9,12,500,57.0
41779,5min,opposite_level,reversal_cross_back,1.5,05:00-10:30,S2,3.65,0.19,0.31,95.2,92.1,22,500,34.8
36345,5min,opposite_level,close_beyond,2.5,03:00-10:30,S2,3.93,0.2,0.67,92.0,88.9,12,500,87.9
29927,3min,opposite_level,close_beyond,2.0,03:00-10:30,S2,4.93,0.2,0.58,99.5,97.6,12,500,60.0
23698,5min,opposite_level,close_beyond,2.0,05:00-16:00,S2,4.74,0.21,0.34,92.5,89.7,12,500,33.7
36450,3min,opposite_level,reversal_cross_back,2.5,03:00-10:30,S,4.33,0.21,0.65,99.5,98.4,16,500,71.9
28066,5min,fixed_rr,close_beyond,4.0,05:00-14:00,S,3.25,0.22,0.31,90.4,81.0,16,500,46.2
40821,5min,opposite_level,close_beyond,2.0,03:00-16:00,S,3.98,0.22,0.72,90.4,87.3,15,500,74.8
36746,3min,opposite_level,reversal_cross_back,1.0,03:00-13:00,S2,5.07,0.24,0.62,100.0,97.6,18,500,36.4
36878,5min,opposite_level,immediate_break,4.0,03:00-13:00,S,3.78,0.24,0.69,90.9,91.3,10,500,56.7
14551,5min,reversal_to_open,immediate_break,1.25,03:00-14:00,S2,5.05,0.24,0.64,97.3,97.6,12,500,80.3
12654,5min,opposite_level,break_of_structure,1.5,03:00-11:00,S,6.54,0.24,0.3,98.9,96.0,15,500,18.4
3743,5min,fixed_rr,close_beyond,3.0,05:00-10:30,S2,4.09,0.24,0.36,90.4,81.7,11,500,35.2
14313,5min,reversal_to_open,close_beyond,1.5,03:00-13:00,S,5.18,0.25,0.59,95.2,95.2,15,750,89.5
15379,5min,opposite_level,immediate_break,1.0,05:00-11:30,S2,4.8,0.25,0.42,95.7,92.1,11,500,30.1
7199,3min,opposite_level,reversal_cross_back,2.5,03:00-12:30,S2,4.25,0.26,0.57,96.8,98.4,17,500,57.2
17819,5min,reversal_to_open,immediate_break,1.25,03:00-12:30,S,5.58,0.26,0.64,96.3,98.4,11,500,79.8
641,3min,opposite_level,break_of_structure,3.0,05:00-10:30,S2,3.89,0.27,0.23,90.4,77.8,16,500,29.5
15052,3min,reversal_to_open,close_beyond,1.5,03:00-14:00,S,4.51,0.27,0.65,95.2,94.4,15,500,69.1
42610,3min,reversal_to_open,immediate_break,2.0,03:00-13:00,S,4.19,0.27,0.59,93.6,96.0,15,500,80.5
3394,3min,opposite_level,reversal_cross_back,2.5,03:00-12:30,S,4.81,0.27,0.76,98.4,96.8,17,500,52.0
44440,3min,opposite_level,reversal_cross_back,1.0,03:00-14:00,S,5.61,0.27,0.78,98.9,97.6,17,500,40.5
44885,3min,reversal_to_open,close_beyond,2.5,03:00-10:30,S2,4.15,0.27,0.55,93.6,92.9,15,500,75.3
7514,5min,opposite_level,close_beyond,2.0,03:00-12:30,S,4.43,0.28,0.51,93.6,88.9,15,500,80.3
8786,5min,opposite_level,reversal_cross_back,1.25,03:00-12:30,S,5.07,0.28,0.66,100.0,97.6,19,500,33.8
26676,5min,reversal_to_open,close_beyond,1.25,03:00-10:30,S2,4.69,0.28,0.63,90.4,91.3,12,1000,91.2
27715,5min,opposite_level,close_beyond,4.0,03:00-11:00,S,5.44,0.29,0.74,92.5,92.9,10,500,56.9
28214,3min,opposite_level,reversal_cross_back,3.0,03:00-11:30,S2,5.97,0.29,0.68,99.5,98.4,15,500,71.4
44105,5min,opposite_level,break_of_structure,3.0,03:00-13:00,S,5.71,0.29,0.35,94.7,88.9,11,500,24.8
37472,5min,reversal_to_open,immediate_break,4.0,03:00-14:00,S,4.76,0.29,0.68,93.0,94.4,15,750,77.1
8747,5min,opposite_level,reversal_cross_back,2.5,03:00-15:00,S2,4.46,0.3,0.53,97.3,97.6,12,500,48.3
28336,5min,opposite_level,immediate_break,4.0,05:00-10:30,S,5.13,0.3,0.49,97.3,94.4,15,500,32.1
41868,5min,opposite_level,close_beyond,3.0,05:00-12:30,S,4.1,0.3,0.4,93.6,83.3,11,500,41.5
5893,5min,opposite_level,reversal_cross_back,2.5,03:00-12:30,S2,4.58,0.31,0.6,98.4,96.0,16,500,28.1
41823,5min,opposite_level,break_of_structure,2.5,03:00-15:00,S2,5.81,0.31,0.32,98.9,95.2,10,500,10.7
3026,5min,reversal_to_open,immediate_break,2.0,03:00-11:00,S2,5.31,0.32,0.66,95.7,96.8,15,500,53.2
32069,5min,reversal_to_open,immediate_break,2.5,03:00-14:00,S,5.91,0.32,0.72,96.8,95.2,12,500,39.2
13642,5min,reversal_to_open,close_beyond,4.0,05:00-16:00,S,4.24,0.32,0.4,95.7,84.9,17,500,59.6
31272,3min,reversal_to_open,immediate_break,2.0,03:00-15:00,S,3.94,0.32,0.49,92.0,95.2,15,500,90.2
43077,5min,opposite_level,reversal_cross_back,1.5,03:00-10:30,S,4.89,0.32,0.67,100.0,98.4,15,500,36.4
43063,5min,reversal_to_open,immediate_break,1.5,03:00-16:00,S,4.89,0.33,0.69,97.3,97.6,15,500,56.3
16470,5min,opposite_level,reversal_cross_back,1.5,03:00-16:00,S,4.02,0.33,0.69,95.2,96.0,16,500,38.6
9664,3min,reversal_to_open,close_beyond,1.25,03:00-12:30,S,3.95,0.33,0.68,92.0,94.4,12,500,87.1
3104,5min,opposite_level,immediate_break,4.0,05:00-10:30,S2,4.29,0.33,0.37,94.7,84.9,12,500,43.6
5730,5min,reversal_to_open,close_beyond,3.0,03:00-11:30,S,4.67,0.34,0.6,98.9,96.8,12,750,83.9
19726,3min,opposite_level,reversal_cross_back,1.25,03:00-11:30,S2,4.43,0.34,0.72,94.1,95.2,12,750,73.5
25218,5min,reversal_to_open,close_beyond,1.5,03:00-15:00,S,5.08,0.35,0.73,95.2,92.1,16,500,67.9
9967,3min,reversal_to_open,close_beyond,1.0,05:00-12:30,S,3.63,0.37,0.36,92.5,86.5,16,500,61.3
33320,3min,reversal_to_open,close_beyond,2.5,05:00-11:30,S,4.18,0.37,0.38,95.7,87.3,17,500,59.2
20921,5min,opposite_level,reversal_cross_back,1.25,03:00-11:30,S,4.5,0.38,0.57,94.1,92.9,16,500,32.2
23365,5min,opposite_level,reversal_cross_back,2.5,03:00-11:00,S2,4.82,0.38,0.51,98.4,96.0,16,500,24.0
11188,5min,reversal_to_open,close_beyond,2.0,05:00-14:00,S2,4.79,0.38,0.27,92.5,87.3,18,500,45.3
36429,5min,opposite_level,reversal_cross_back,2.5,03:00-11:00,S,5.95,0.39,0.66,100.0,97.6,17,500,25.7
33086,3min,reversal_to_open,immediate_break,1.0,03:00-10:30,S,4.81,0.39,0.69,90.4,94.4,11,500,63.8
25806,5min,opposite_level,reversal_cross_back,1.5,03:00-10:30,S,4.44,0.4,0.54,94.7,91.3,15,500,24.9
31360,3min,opposite_level,reversal_cross_back,1.0,03:00-10:30,S,3.69,0.41,0.76,92.0,89.7,11,750,88.0
8026,5min,opposite_level,reversal_cross_back,1.25,03:00-10:30,S2,3.57,0.41,0.78,93.0,89.7,12,500,66.5
4400,5min,opposite_level,reversal_cross_back,2.0,03:00-15:00,S2,4.48,0.41,0.81,93.6,94.4,15,500,51.1
15666,3min,reversal_to_open,reversal_cross_back,2.0,03:00-11:30,S2,3.96,0.42,0.48,95.2,96.0,16,500,54.4
8346,5min,reversal_to_open,immediate_break,3.0,03:00-16:00,S,4.88,0.43,0.88,92.0,95.2,11,500,73.3
18418,5min,opposite_level,reversal_cross_back,2.5,03:00-13:00,S2,5.27,0.43,0.79,98.4,98.4,15,500,45.2
30648,5min,opposite_level,reversal_cross_back,2.0,03:00-13:00,S,3.78,0.43,0.99,94.7,92.1,16,750,92.5
32910,3min,reversal_to_open,close_beyond,3.0,03:00-12:30,S,3.69,0.43,0.64,92.0,95.2,11,500,86.4
38431,5min,fixed_rr,immediate_break,4.0,03:00-11:00,S,3.42,0.43,0.58,90.9,90.5,9,500,52.2
1349,5min,opposite_level,reversal_cross_back,1.5,03:00-15:00,S2,4.24,0.43,0.8,90.4,84.1,10,500,61.9
38982,5min,reversal_to_open,close_beyond,1.5,05:00-12:30,S,5.27,0.44,0.33,100.0,95.2,18,500,39.9
26705,5min,reversal_to_open,immediate_break,3.0,03:00-13:00,S2,5.42,0.44,0.53,90.4,88.1,10,500,51.0
25677,5min,reversal_to_open,break_of_structure,2.5,03:00-11:00,S2,5.23,0.45,0.34,98.4,94.4,12,500,23.3
3194,5min,opposite_level,reversal_cross_back,2.5,03:00-11:30,S,6.14,0.45,0.81,100.0,98.4,15,750,60.4
116,5min,reversal_to_open,close_beyond,1.0,05:00-15:00,S2,4.64,0.45,0.29,95.2,82.5,17,500,45.8
8112,3min,reversal_to_open,immediate_break,3.0,03:00-11:30,S,4.27,0.45,0.73,90.4,93.7,12,500,75.9
35688,3min,reversal_to_open,immediate_break,2.0,03:00-16:00,S,4.22,0.45,0.72,90.4,93.7,12,500,75.9
34996,5min,reversal_to_open,close_beyond,1.0,05:00-15:00,S,4.88,0.46,0.27,92.0,83.3,15,500,35.5
5536,5min,reversal_to_open,close_beyond,1.25,05:00-11:30,S,4.77,0.46,0.3,93.6,81.0,19,1250,95.3
3426,5min,reversal_to_open,immediate_break,2.0,05:00-13:00,S2,6.51,0.46,0.42,97.9,92.1,12,500,29.4
14379,5min,opposite_level,reversal_cross_back,3.0,03:00-10:30,S,4.47,0.46,0.96,96.8,98.4,12,500,71.4
35384,5min,reversal_to_open,break_of_structure,2.0,03:00-14:00,S2,5.77,0.46,0.32,100.0,96.8,15,500,11.4
14925,5min,opposite_level,reversal_cross_back,2.5,03:00-11:00,S2,5.08,0.46,0.81,95.2,96.8,12,500,52.1
14867,5min,reversal_to_open,reversal_cross_back,4.0,03:00-16:00,S2,4.32,0.49,0.59,97.3,98.4,15,500,49.2
35988,5min,reversal_to_open,reversal_cross_back,3.0,03:00-11:00,S2,5.44,0.49,0.49,99.5,96.8,15,500,43.5
31449,3min,reversal_to_open,reversal_cross_back,1.0,03:00-13:00,S2,3.47,0.49,0.48,92.5,92.1,11,500,67.2
6774,5min,reversal_to_open,close_beyond,2.0,03:00-11:00,S,4.9,0.5,0.54,93.0,92.9,15,500,58.1
29950,5min,reversal_to_open,reversal_cross_back,3.0,03:00-13:00,S2,3.8,0.5,0.5,90.4,94.4,12,500,43.2
28960,5min,opposite_level,reversal_cross_back,1.0,03:00-11:00,S,4.82,0.51,0.87,95.2,95.2,10,500,31.3
23995,5min,reversal_to_open,reversal_cross_back,3.0,03:00-11:30,S,5.47,0.53,0.58,98.9,97.6,18,500,44.5
14696,5min,reversal_to_open,reversal_cross_back,1.5,05:00-10:30,S2,4.21,0.54,0.46,90.4,90.5,17,500,37.6
39344,5min,reversal_to_open,close_beyond,1.0,03:00-10:30,S,5.52,0.54,0.7,93.6,92.9,9,500,43.8
31395,3min,reversal_to_open,reversal_cross_back,2.5,03:00-12:30,S2,4.29,0.56,0.52,93.6,97.6,12,500,35.9
34789,5min,opposite_level,reversal_cross_back,3.0,03:00-10:30,S2,4.36,0.56,0.61,92.0,88.9,9,500,57.2
34127,5min,reversal_to_open,reversal_cross_back,2.0,03:00-12:30,S,4.57,0.57,0.6,96.8,95.2,15,500,53.7
19562,3min,reversal_to_open,reversal_cross_back,4.0,03:00-14:00,S2,4.22,0.57,0.43,97.3,94.4,11,500,29.4
25435,5min,reversal_to_open,reversal_cross_back,1.25,03:00-11:00,S,5.23,0.58,0.55,98.4,96.0,16,500,19.7
2181,5min,reversal_to_open,reversal_cross_back,1.0,03:00-11:30,S,5.57,0.58,0.89,100.0,97.6,15,1250,92.7
38095,5min,reversal_to_open,reversal_cross_back,3.0,03:00-13:00,S2,6.01,0.58,0.59,99.5,96.0,16,500,17.8
23583,5min,reversal_to_open,reversal_cross_back,1.5,03:00-12:30,S,3.75,0.61,0.65,92.5,96.0,15,500,51.3
30861,5min,reversal_to_open,reversal_cross_back,3.0,03:00-11:00,S2,6.45,0.64,0.62,99.5,96.8,15,500,27.5
42186,5min,reversal_to_open,reversal_cross_back,1.0,03:00-11:30,S,6.28,0.67,0.82,100.0,99.2,12,500,32.8
37436,3min,reversal_to_open,reversal_cross_back,1.25,03:00-11:00,S2,5.84,0.68,0.68,96.8,96.0,15,500,34.2
21123,5min,reversal_to_open,reversal_cross_back,2.5,03:00-11:00,S,3.64,0.69,0.98,95.2,96.0,9,500,75.7
8316,5min,reversal_to_open,reversal_cross_back,2.0,03:00-12:30,S2,5.82,0.7,0.81,94.1,96.0,12,500,37.2
40867,5min,reversal_to_open,reversal_cross_back,4.0,03:00-14:00,S,5.54,0.74,1.0,99.5,95.2,15,500,47.4
7070,5min,reversal_to_open,reversal_cross_back,2.5,03:00-13:00,S,5.52,0.77,0.7,96.8,97.6,10,500,40.1
42963,5min,reversal_to_open,reversal_cross_back,3.0,03:00-15:00,S2,5.11,0.88,0.83,92.5,88.9,9,500,35.4
