size,assets,labels,avg_pairwise_corr,risk_multiplier_k,pass_pct,still_going_pct,median_days_to_pass,n_cohorts,per_asset_risk_pct
2,GBPUSD+GER40,GBPUSD/3min ss=180 (local_rank=7) | GER40/5min ss=180 (local_rank=0),0.115,0.0555,52.4,0.0,10,313,"{'GBPUSD': 1.952, 'GER40': 3.044}"
2,EURUSD+GBPUSD,GBPUSD/3min ss=180 (local_rank=7) | EURUSD/3min ss=180 (local_rank=2),0.11,0.0587,48.6,0.0,10,313,"{'GBPUSD': 2.064, 'EURUSD': 0.93}"
2,GBPUSD+SPX500,GBPUSD/3min ss=180 (local_rank=7) | SPX500/5min ss=180 (local_rank=5),0.081,0.0719,48.3,0.3,11,319,"{'GBPUSD': 2.527, 'SPX500': 0.728}"
2,GBPUSD+XAUUSD,GBPUSD/3min ss=180 (local_rank=7) | XAUUSD/3min ss=180 (local_rank=3),0.017,0.0487,51.1,0.3,10,313,"{'GBPUSD': 1.711, 'XAUUSD': 1.717}"
2,GBPUSD+US30,GBPUSD/3min ss=180 (local_rank=7) | US30/3min ss=180 (local_rank=5),0.086,0.0436,49.8,0.0,10,313,"{'GBPUSD': 1.534, 'US30': 1.302}"
2,GBPUSD+NDX100,GBPUSD/3min ss=180 (local_rank=7) | NDX100/5min ss=180 (local_rank=0),0.07,0.0571,47.3,0.3,10,313,"{'GBPUSD': 2.007, 'NDX100': 2.989}"
2,EURUSD+GER40,GER40/5min ss=180 (local_rank=0) | EURUSD/3min ss=180 (local_rank=2),0.045,0.0707,52.4,0.0,10,313,"{'GER40': 3.876, 'EURUSD': 1.119}"
2,GER40+SPX500,GER40/5min ss=180 (local_rank=0) | SPX500/5min ss=180 (local_rank=5),0.147,0.0621,49.8,0.0,11,319,"{'GER40': 3.403, 'SPX500': 0.628}"
2,GER40+XAUUSD,GER40/5min ss=180 (local_rank=0) | XAUUSD/3min ss=180 (local_rank=3),0.022,0.051,48.6,0.0,10,313,"{'GER40': 2.796, 'XAUUSD': 1.799}"
2,GER40+US30,GER40/5min ss=180 (local_rank=0) | US30/3min ss=180 (local_rank=5),0.127,0.0438,48.2,0.0,10,313,"{'GER40': 2.402, 'US30': 1.307}"
2,GER40+NDX100,GER40/5min ss=180 (local_rank=0) | NDX100/5min ss=180 (local_rank=0),0.025,0.0376,52.4,0.0,10,313,"{'GER40': 2.062, 'NDX100': 1.97}"
2,EURUSD+SPX500,EURUSD/3min ss=180 (local_rank=2) | SPX500/5min ss=180 (local_rank=5),0.005,0.1066,48.0,0.3,10,319,"{'EURUSD': 1.687, 'SPX500': 1.079}"
2,EURUSD+XAUUSD,EURUSD/3min ss=180 (local_rank=2) | XAUUSD/3min ss=180 (local_rank=3),0.076,0.0514,50.5,0.3,10,313,"{'EURUSD': 0.813, 'XAUUSD': 1.813}"
2,EURUSD+US30,EURUSD/3min ss=180 (local_rank=2) | US30/3min ss=180 (local_rank=5),0.017,0.0395,47.3,0.0,10,313,"{'EURUSD': 0.625, 'US30': 1.178}"
2,EURUSD+NDX100,EURUSD/3min ss=180 (local_rank=2) | NDX100/5min ss=180 (local_rank=0),0.056,0.0591,49.8,0.3,10,313,"{'EURUSD': 0.936, 'NDX100': 3.096}"
2,SPX500+XAUUSD,SPX500/5min ss=180 (local_rank=5) | XAUUSD/3min ss=180 (local_rank=3),0.018,0.0578,51.4,0.3,10,319,"{'SPX500': 0.586, 'XAUUSD': 2.041}"
2,SPX500+US30,SPX500/5min ss=180 (local_rank=5) | US30/3min ss=180 (local_rank=5),0.2,0.0462,52.0,0.0,11,319,"{'SPX500': 0.468, 'US30': 1.38}"
2,NDX100+SPX500,SPX500/5min ss=180 (local_rank=5) | NDX100/5min ss=180 (local_rank=0),0.072,0.042,48.6,0.0,11,319,"{'SPX500': 0.426, 'NDX100': 2.201}"
2,US30+XAUUSD,XAUUSD/3min ss=180 (local_rank=3) | US30/3min ss=180 (local_rank=5),0.059,0.0403,47.6,0.0,10,313,"{'XAUUSD': 1.423, 'US30': 1.204}"
2,NDX100+XAUUSD,XAUUSD/3min ss=180 (local_rank=3) | NDX100/5min ss=180 (local_rank=0),0.003,0.046,50.5,0.3,10,313,"{'XAUUSD': 1.623, 'NDX100': 2.409}"
2,NDX100+US30,US30/3min ss=180 (local_rank=5) | NDX100/5min ss=180 (local_rank=0),0.141,0.0396,48.6,0.0,10,313,"{'US30': 1.181, 'NDX100': 2.073}"
3,EURUSD+GBPUSD+GER40,GBPUSD/3min ss=180 (local_rank=7) | GER40/5min ss=180 (local_rank=0) | EURUSD/3min ss=180 (local_rank=2),0.09,0.0461,52.1,0.0,10,313,"{'GBPUSD': 1.622, 'GER40': 2.529, 'EURUSD': 0.73}"
3,GBPUSD+GER40+SPX500,GBPUSD/3min ss=180 (local_rank=7) | GER40/5min ss=180 (local_rank=0) | SPX500/5min ss=180 (local_rank=5),0.114,0.0604,48.3,0.0,10,319,"{'GBPUSD': 2.124, 'GER40': 3.312, 'SPX500': 0.612}"
3,GBPUSD+GER40+XAUUSD,GBPUSD/3min ss=180 (local_rank=7) | GER40/5min ss=180 (local_rank=0) | XAUUSD/3min ss=180 (local_rank=3),0.051,0.041,49.2,0.0,10,313,"{'GBPUSD': 1.443, 'GER40': 2.251, 'XAUUSD': 1.448}"
3,GBPUSD+GER40+US30,GBPUSD/3min ss=180 (local_rank=7) | GER40/5min ss=180 (local_rank=0) | US30/3min ss=180 (local_rank=5),0.109,0.0386,48.9,0.3,10,313,"{'GBPUSD': 1.356, 'GER40': 2.114, 'US30': 1.151}"
3,GBPUSD+GER40+NDX100,GBPUSD/3min ss=180 (local_rank=7) | GER40/5min ss=180 (local_rank=0) | NDX100/5min ss=180 (local_rank=0),0.07,0.0425,47.3,0.0,10,313,"{'GBPUSD': 1.494, 'GER40': 2.329, 'NDX100': 2.225}"
3,EURUSD+GBPUSD+SPX500,GBPUSD/3min ss=180 (local_rank=7) | EURUSD/3min ss=180 (local_rank=2) | SPX500/5min ss=180 (local_rank=5),0.065,0.061,50.8,0.0,10,319,"{'GBPUSD': 2.145, 'EURUSD': 0.966, 'SPX500': 0.618}"
3,EURUSD+GBPUSD+XAUUSD,GBPUSD/3min ss=180 (local_rank=7) | EURUSD/3min ss=180 (local_rank=2) | XAUUSD/3min ss=180 (local_rank=3),0.068,0.042,49.2,0.3,10,313,"{'GBPUSD': 1.477, 'EURUSD': 0.665, 'XAUUSD': 1.482}"
3,EURUSD+GBPUSD+US30,GBPUSD/3min ss=180 (local_rank=7) | EURUSD/3min ss=180 (local_rank=2) | US30/3min ss=180 (local_rank=5),0.071,0.0383,49.2,0.0,10,313,"{'GBPUSD': 1.346, 'EURUSD': 0.606, 'US30': 1.143}"
3,EURUSD+GBPUSD+NDX100,GBPUSD/3min ss=180 (local_rank=7) | EURUSD/3min ss=180 (local_rank=2) | NDX100/5min ss=180 (local_rank=0),0.079,0.0472,50.8,0.3,10,313,"{'GBPUSD': 1.66, 'EURUSD': 0.748, 'NDX100': 2.473}"
3,GBPUSD+SPX500+XAUUSD,GBPUSD/3min ss=180 (local_rank=7) | SPX500/5min ss=180 (local_rank=5) | XAUUSD/3min ss=180 (local_rank=3),0.039,0.0515,47.6,0.3,10,319,"{'GBPUSD': 1.811, 'SPX500': 0.522, 'XAUUSD': 1.817}"
3,GBPUSD+SPX500+US30,GBPUSD/3min ss=180 (local_rank=7) | SPX500/5min ss=180 (local_rank=5) | US30/3min ss=180 (local_rank=5),0.122,0.0423,53.0,0.3,10,319,"{'GBPUSD': 1.488, 'SPX500': 0.429, 'US30': 1.263}"
3,GBPUSD+NDX100+SPX500,GBPUSD/3min ss=180 (local_rank=7) | SPX500/5min ss=180 (local_rank=5) | NDX100/5min ss=180 (local_rank=0),0.074,0.0586,49.2,0.3,10,319,"{'GBPUSD': 2.061, 'SPX500': 0.594, 'NDX100': 3.07}"
3,GBPUSD+US30+XAUUSD,GBPUSD/3min ss=180 (local_rank=7) | XAUUSD/3min ss=180 (local_rank=3) | US30/3min ss=180 (local_rank=5),0.054,0.0361,47.6,0.0,10,313,"{'GBPUSD': 1.271, 'XAUUSD': 1.275, 'US30': 1.079}"
3,GBPUSD+NDX100+XAUUSD,GBPUSD/3min ss=180 (local_rank=7) | XAUUSD/3min ss=180 (local_rank=3) | NDX100/5min ss=180 (local_rank=0),0.03,0.0397,52.7,0.3,10,313,"{'GBPUSD': 1.397, 'XAUUSD': 1.402, 'NDX100': 2.082}"
3,GBPUSD+NDX100+US30,GBPUSD/3min ss=180 (local_rank=7) | US30/3min ss=180 (local_rank=5) | NDX100/5min ss=180 (local_rank=0),0.099,0.0416,47.6,0.3,10,313,"{'GBPUSD': 1.462, 'US30': 1.241, 'NDX100': 2.178}"
3,EURUSD+GER40+SPX500,GER40/5min ss=180 (local_rank=0) | EURUSD/3min ss=180 (local_rank=2) | SPX500/5min ss=180 (local_rank=5),0.066,0.0748,49.8,0.0,10,319,"{'GER40': 4.105, 'EURUSD': 1.185, 'SPX500': 0.758}"
3,EURUSD+GER40+XAUUSD,GER40/5min ss=180 (local_rank=0) | EURUSD/3min ss=180 (local_rank=2) | XAUUSD/3min ss=180 (local_rank=3),0.048,0.0407,52.1,0.0,10,313,"{'GER40': 2.229, 'EURUSD': 0.644, 'XAUUSD': 1.435}"
3,EURUSD+GER40+US30,GER40/5min ss=180 (local_rank=0) | EURUSD/3min ss=180 (local_rank=2) | US30/3min ss=180 (local_rank=5),0.063,0.0361,51.1,0.0,10,313,"{'GER40': 1.977, 'EURUSD': 0.571, 'US30': 1.076}"
3,EURUSD+GER40+NDX100,GER40/5min ss=180 (local_rank=0) | EURUSD/3min ss=180 (local_rank=2) | NDX100/5min ss=180 (local_rank=0),0.042,0.0397,51.4,0.0,10,313,"{'GER40': 2.175, 'EURUSD': 0.628, 'NDX100': 2.078}"
3,GER40+SPX500+XAUUSD,GER40/5min ss=180 (local_rank=0) | SPX500/5min ss=180 (local_rank=5) | XAUUSD/3min ss=180 (local_rank=3),0.062,0.0513,48.3,0.0,10,319,"{'GER40': 2.813, 'SPX500': 0.519, 'XAUUSD': 1.81}"
3,GER40+SPX500+US30,GER40/5min ss=180 (local_rank=0) | SPX500/5min ss=180 (local_rank=5) | US30/3min ss=180 (local_rank=5),0.158,0.0416,51.4,0.0,10,319,"{'GER40': 2.279, 'SPX500': 0.421, 'US30': 1.24}"
3,GER40+NDX100+SPX500,GER40/5min ss=180 (local_rank=0) | SPX500/5min ss=180 (local_rank=5) | NDX100/5min ss=180 (local_rank=0),0.081,0.0394,48.3,0.0,10,319,"{'GER40': 2.16, 'SPX500': 0.399, 'NDX100': 2.062}"
3,GER40+US30+XAUUSD,GER40/5min ss=180 (local_rank=0) | XAUUSD/3min ss=180 (local_rank=3) | US30/3min ss=180 (local_rank=5),0.069,0.0328,52.7,0.0,10,313,"{'GER40': 1.801, 'XAUUSD': 1.159, 'US30': 0.98}"
3,GER40+NDX100+XAUUSD,GER40/5min ss=180 (local_rank=0) | XAUUSD/3min ss=180 (local_rank=3) | NDX100/5min ss=180 (local_rank=0),0.017,0.037,52.7,0.3,10,313,"{'GER40': 2.029, 'XAUUSD': 1.305, 'NDX100': 1.938}"
3,GER40+NDX100+US30,GER40/5min ss=180 (local_rank=0) | US30/3min ss=180 (local_rank=5) | NDX100/5min ss=180 (local_rank=0),0.098,0.0303,51.8,0.0,10,313,"{'GER40': 1.66, 'US30': 0.904, 'NDX100': 1.586}"
3,EURUSD+SPX500+XAUUSD,EURUSD/3min ss=180 (local_rank=2) | SPX500/5min ss=180 (local_rank=5) | XAUUSD/3min ss=180 (local_rank=3),0.033,0.0519,52.0,0.3,10,319,"{'EURUSD': 0.822, 'SPX500': 0.526, 'XAUUSD': 1.832}"
3,EURUSD+SPX500+US30,EURUSD/3min ss=180 (local_rank=2) | SPX500/5min ss=180 (local_rank=5) | US30/3min ss=180 (local_rank=5),0.074,0.0391,48.6,0.0,10,319,"{'EURUSD': 0.619, 'SPX500': 0.396, 'US30': 1.167}"
3,EURUSD+NDX100+SPX500,EURUSD/3min ss=180 (local_rank=2) | SPX500/5min ss=180 (local_rank=5) | NDX100/5min ss=180 (local_rank=0),0.044,0.0543,51.1,0.3,10,319,"{'EURUSD': 0.86, 'SPX500': 0.55, 'NDX100': 2.845}"
3,EURUSD+US30+XAUUSD,EURUSD/3min ss=180 (local_rank=2) | XAUUSD/3min ss=180 (local_rank=3) | US30/3min ss=180 (local_rank=5),0.051,0.0342,52.4,0.0,10,313,"{'EURUSD': 0.542, 'XAUUSD': 1.208, 'US30': 1.022}"
3,EURUSD+NDX100+XAUUSD,EURUSD/3min ss=180 (local_rank=2) | XAUUSD/3min ss=180 (local_rank=3) | NDX100/5min ss=180 (local_rank=0),0.045,0.0401,51.1,0.3,10,313,"{'EURUSD': 0.635, 'XAUUSD': 1.415, 'NDX100': 2.1}"
3,EURUSD+NDX100+US30,EURUSD/3min ss=180 (local_rank=2) | US30/3min ss=180 (local_rank=5) | NDX100/5min ss=180 (local_rank=0),0.071,0.035,52.4,0.3,10,313,"{'EURUSD': 0.555, 'US30': 1.045, 'NDX100': 1.834}"
3,SPX500+US30+XAUUSD,SPX500/5min ss=180 (local_rank=5) | XAUUSD/3min ss=180 (local_rank=3) | US30/3min ss=180 (local_rank=5),0.092,0.04,48.6,0.0,10,319,"{'SPX500': 0.405, 'XAUUSD': 1.411, 'US30': 1.194}"
3,NDX100+SPX500+XAUUSD,SPX500/5min ss=180 (local_rank=5) | XAUUSD/3min ss=180 (local_rank=3) | NDX100/5min ss=180 (local_rank=0),0.031,0.0472,48.6,0.3,10,319,"{'SPX500': 0.478, 'XAUUSD': 1.667, 'NDX100': 2.475}"
3,NDX100+SPX500+US30,SPX500/5min ss=180 (local_rank=5) | US30/3min ss=180 (local_rank=5) | NDX100/5min ss=180 (local_rank=0),0.138,0.0404,47.0,0.0,10,319,"{'SPX500': 0.409, 'US30': 1.205, 'NDX100': 2.115}"
3,NDX100+US30+XAUUSD,XAUUSD/3min ss=180 (local_rank=3) | US30/3min ss=180 (local_rank=5) | NDX100/5min ss=180 (local_rank=0),0.067,0.0317,47.9,0.3,10,313,"{'XAUUSD': 1.12, 'US30': 0.947, 'NDX100': 1.662}"
4,EURUSD+GBPUSD+GER40+SPX500,GBPUSD/3min ss=180 (local_rank=7) | GER40/5min ss=180 (local_rank=0) | EURUSD/3min ss=180 (local_rank=2) | SPX500/5min ss=180 (local_rank=5),0.084,0.0477,51.1,0.0,10,319,"{'GBPUSD': 1.678, 'GER40': 2.617, 'EURUSD': 0.756, 'SPX500': 0.483}"
4,EURUSD+GBPUSD+GER40+XAUUSD,GBPUSD/3min ss=180 (local_rank=7) | GER40/5min ss=180 (local_rank=0) | EURUSD/3min ss=180 (local_rank=2) | XAUUSD/3min ss=180 (local_rank=3),0.064,0.0392,51.4,0.0,10,313,"{'GBPUSD': 1.379, 'GER40': 2.15, 'EURUSD': 0.621, 'XAUUSD': 1.384}"
4,EURUSD+GBPUSD+GER40+US30,GBPUSD/3min ss=180 (local_rank=7) | GER40/5min ss=180 (local_rank=0) | EURUSD/3min ss=180 (local_rank=2) | US30/3min ss=180 (local_rank=5),0.083,0.0356,48.6,0.0,10,313,"{'GBPUSD': 1.252, 'GER40': 1.953, 'EURUSD': 0.564, 'US30': 1.063}"
4,EURUSD+GBPUSD+GER40+NDX100,GBPUSD/3min ss=180 (local_rank=7) | GER40/5min ss=180 (local_rank=0) | EURUSD/3min ss=180 (local_rank=2) | NDX100/5min ss=180 (local_rank=0),0.07,0.0411,50.5,0.0,10,313,"{'GBPUSD': 1.446, 'GER40': 2.256, 'EURUSD': 0.651, 'NDX100': 2.155}"
4,GBPUSD+GER40+SPX500+XAUUSD,GBPUSD/3min ss=180 (local_rank=7) | GER40/5min ss=180 (local_rank=0) | SPX500/5min ss=180 (local_rank=5) | XAUUSD/3min ss=180 (local_rank=3),0.067,0.0409,52.0,0.0,10,319,"{'GBPUSD': 1.437, 'GER40': 2.241, 'SPX500': 0.414, 'XAUUSD': 1.442}"
4,GBPUSD+GER40+SPX500+US30,GBPUSD/3min ss=180 (local_rank=7) | GER40/5min ss=180 (local_rank=0) | SPX500/5min ss=180 (local_rank=5) | US30/3min ss=180 (local_rank=5),0.126,0.0383,50.8,0.3,10,319,"{'GBPUSD': 1.345, 'GER40': 2.098, 'SPX500': 0.387, 'US30': 1.142}"
4,GBPUSD+GER40+NDX100+SPX500,GBPUSD/3min ss=180 (local_rank=7) | GER40/5min ss=180 (local_rank=0) | SPX500/5min ss=180 (local_rank=5) | NDX100/5min ss=180 (local_rank=0),0.085,0.0427,49.5,0.0,10,319,"{'GBPUSD': 1.501, 'GER40': 2.34, 'SPX500': 0.432, 'NDX100': 2.235}"
4,GBPUSD+GER40+US30+XAUUSD,GBPUSD/3min ss=180 (local_rank=7) | GER40/5min ss=180 (local_rank=0) | XAUUSD/3min ss=180 (local_rank=3) | US30/3min ss=180 (local_rank=5),0.071,0.0321,50.5,0.0,10,313,"{'GBPUSD': 1.127, 'GER40': 1.758, 'XAUUSD': 1.131, 'US30': 0.957}"
4,GBPUSD+GER40+NDX100+XAUUSD,GBPUSD/3min ss=180 (local_rank=7) | GER40/5min ss=180 (local_rank=0) | XAUUSD/3min ss=180 (local_rank=3) | NDX100/5min ss=180 (local_rank=0),0.042,0.0386,47.6,0.3,10,313,"{'GBPUSD': 1.357, 'GER40': 2.116, 'XAUUSD': 1.362, 'NDX100': 2.021}"
4,GBPUSD+GER40+NDX100+US30,GBPUSD/3min ss=180 (local_rank=7) | GER40/5min ss=180 (local_rank=0) | US30/3min ss=180 (local_rank=5) | NDX100/5min ss=180 (local_rank=0),0.094,0.0305,52.1,0.3,10,313,"{'GBPUSD': 1.072, 'GER40': 1.673, 'US30': 0.91, 'NDX100': 1.598}"
4,EURUSD+GBPUSD+SPX500+XAUUSD,GBPUSD/3min ss=180 (local_rank=7) | EURUSD/3min ss=180 (local_rank=2) | SPX500/5min ss=180 (local_rank=5) | XAUUSD/3min ss=180 (local_rank=3),0.051,0.044,50.5,0.3,10,319,"{'GBPUSD': 1.546, 'EURUSD': 0.696, 'SPX500': 0.445, 'XAUUSD': 1.552}"
4,EURUSD+GBPUSD+SPX500+US30,GBPUSD/3min ss=180 (local_rank=7) | EURUSD/3min ss=180 (local_rank=2) | SPX500/5min ss=180 (local_rank=5) | US30/3min ss=180 (local_rank=5),0.083,0.0376,51.1,0.0,10,319,"{'GBPUSD': 1.323, 'EURUSD': 0.596, 'SPX500': 0.381, 'US30': 1.123}"
4,EURUSD+GBPUSD+NDX100+SPX500,GBPUSD/3min ss=180 (local_rank=7) | EURUSD/3min ss=180 (local_rank=2) | SPX500/5min ss=180 (local_rank=5) | NDX100/5min ss=180 (local_rank=0),0.066,0.0463,53.0,0.3,10,319,"{'GBPUSD': 1.627, 'EURUSD': 0.733, 'SPX500': 0.469, 'NDX100': 2.424}"
4,EURUSD+GBPUSD+US30+XAUUSD,GBPUSD/3min ss=180 (local_rank=7) | EURUSD/3min ss=180 (local_rank=2) | XAUUSD/3min ss=180 (local_rank=3) | US30/3min ss=180 (local_rank=5),0.061,0.0346,48.6,0.0,10,313,"{'GBPUSD': 1.215, 'EURUSD': 0.547, 'XAUUSD': 1.22, 'US30': 1.031}"
4,EURUSD+GBPUSD+NDX100+XAUUSD,GBPUSD/3min ss=180 (local_rank=7) | EURUSD/3min ss=180 (local_rank=2) | XAUUSD/3min ss=180 (local_rank=3) | NDX100/5min ss=180 (local_rank=0),0.055,0.0399,51.8,0.3,10,313,"{'GBPUSD': 1.403, 'EURUSD': 0.632, 'XAUUSD': 1.408, 'NDX100': 2.09}"
4,EURUSD+GBPUSD+NDX100+US30,GBPUSD/3min ss=180 (local_rank=7) | EURUSD/3min ss=180 (local_rank=2) | US30/3min ss=180 (local_rank=5) | NDX100/5min ss=180 (local_rank=0),0.08,0.0363,48.9,0.3,10,313,"{'GBPUSD': 1.275, 'EURUSD': 0.574, 'US30': 1.083, 'NDX100': 1.9}"
4,GBPUSD+SPX500+US30+XAUUSD,GBPUSD/3min ss=180 (local_rank=7) | SPX500/5min ss=180 (local_rank=5) | XAUUSD/3min ss=180 (local_rank=3) | US30/3min ss=180 (local_rank=5),0.077,0.0363,48.6,0.0,10,319,"{'GBPUSD': 1.278, 'SPX500': 0.368, 'XAUUSD': 1.283, 'US30': 1.085}"
4,GBPUSD+NDX100+SPX500+XAUUSD,GBPUSD/3min ss=180 (local_rank=7) | SPX500/5min ss=180 (local_rank=5) | XAUUSD/3min ss=180 (local_rank=3) | NDX100/5min ss=180 (local_rank=0),0.043,0.0416,51.4,0.3,10,319,"{'GBPUSD': 1.463, 'SPX500': 0.421, 'XAUUSD': 1.469, 'NDX100': 2.18}"
4,GBPUSD+NDX100+SPX500+US30,GBPUSD/3min ss=180 (local_rank=7) | SPX500/5min ss=180 (local_rank=5) | US30/3min ss=180 (local_rank=5) | NDX100/5min ss=180 (local_rank=0),0.108,0.039,48.9,0.3,10,319,"{'GBPUSD': 1.371, 'SPX500': 0.395, 'US30': 1.164, 'NDX100': 2.043}"
4,GBPUSD+NDX100+US30+XAUUSD,GBPUSD/3min ss=180 (local_rank=7) | XAUUSD/3min ss=180 (local_rank=3) | US30/3min ss=180 (local_rank=5) | NDX100/5min ss=180 (local_rank=0),0.063,0.0326,47.9,0.3,10,313,"{'GBPUSD': 1.145, 'XAUUSD': 1.149, 'US30': 0.972, 'NDX100': 1.706}"
4,EURUSD+GER40+SPX500+XAUUSD,GER40/5min ss=180 (local_rank=0) | EURUSD/3min ss=180 (local_rank=2) | SPX500/5min ss=180 (local_rank=5) | XAUUSD/3min ss=180 (local_rank=3),0.052,0.0428,48.6,0.0,10,319,"{'GER40': 2.349, 'EURUSD': 0.678, 'SPX500': 0.434, 'XAUUSD': 1.512}"
4,EURUSD+GER40+SPX500+US30,GER40/5min ss=180 (local_rank=0) | EURUSD/3min ss=180 (local_rank=2) | SPX500/5min ss=180 (local_rank=5) | US30/3min ss=180 (local_rank=5),0.09,0.0373,47.3,0.0,10,319,"{'GER40': 2.045, 'EURUSD': 0.591, 'SPX500': 0.378, 'US30': 1.113}"
4,EURUSD+GER40+NDX100+SPX500,GER40/5min ss=180 (local_rank=0) | EURUSD/3min ss=180 (local_rank=2) | SPX500/5min ss=180 (local_rank=5) | NDX100/5min ss=180 (local_rank=0),0.058,0.0394,52.0,0.0,10,319,"{'GER40': 2.163, 'EURUSD': 0.625, 'SPX500': 0.399, 'NDX100': 2.066}"
4,EURUSD+GER40+US30+XAUUSD,GER40/5min ss=180 (local_rank=0) | EURUSD/3min ss=180 (local_rank=2) | XAUUSD/3min ss=180 (local_rank=3) | US30/3min ss=180 (local_rank=5),0.058,0.0329,47.6,0.0,10,313,"{'GER40': 1.803, 'EURUSD': 0.521, 'XAUUSD': 1.16, 'US30': 0.981}"
4,EURUSD+GER40+NDX100+XAUUSD,GER40/5min ss=180 (local_rank=0) | EURUSD/3min ss=180 (local_rank=2) | XAUUSD/3min ss=180 (local_rank=3) | NDX100/5min ss=180 (local_rank=0),0.038,0.0378,50.5,0.0,10,313,"{'GER40': 2.074, 'EURUSD': 0.599, 'XAUUSD': 1.334, 'NDX100': 1.981}"
4,EURUSD+GER40+NDX100+US30,GER40/5min ss=180 (local_rank=0) | EURUSD/3min ss=180 (local_rank=2) | US30/3min ss=180 (local_rank=5) | NDX100/5min ss=180 (local_rank=0),0.068,0.0325,48.9,0.0,10,313,"{'GER40': 1.784, 'EURUSD': 0.515, 'US30': 0.971, 'NDX100': 1.703}"
4,GER40+SPX500+US30+XAUUSD,GER40/5min ss=180 (local_rank=0) | SPX500/5min ss=180 (local_rank=5) | XAUUSD/3min ss=180 (local_rank=3) | US30/3min ss=180 (local_rank=5),0.096,0.0343,49.2,0.0,10,319,"{'GER40': 1.883, 'SPX500': 0.348, 'XAUUSD': 1.211, 'US30': 1.025}"
4,GER40+NDX100+SPX500+XAUUSD,GER40/5min ss=180 (local_rank=0) | SPX500/5min ss=180 (local_rank=5) | XAUUSD/3min ss=180 (local_rank=3) | NDX100/5min ss=180 (local_rank=0),0.048,0.0392,48.6,0.0,10,319,"{'GER40': 2.151, 'SPX500': 0.397, 'XAUUSD': 1.384, 'NDX100': 2.055}"
4,GER40+NDX100+SPX500+US30,GER40/5min ss=180 (local_rank=0) | SPX500/5min ss=180 (local_rank=5) | US30/3min ss=180 (local_rank=5) | NDX100/5min ss=180 (local_rank=0),0.119,0.0303,51.4,0.0,10,319,"{'GER40': 1.664, 'SPX500': 0.307, 'US30': 0.906, 'NDX100': 1.589}"
4,GER40+NDX100+US30+XAUUSD,GER40/5min ss=180 (local_rank=0) | XAUUSD/3min ss=180 (local_rank=3) | US30/3min ss=180 (local_rank=5) | NDX100/5min ss=180 (local_rank=0),0.063,0.0289,47.3,0.3,10,313,"{'GER40': 1.582, 'XAUUSD': 1.018, 'US30': 0.861, 'NDX100': 1.511}"
4,EURUSD+SPX500+US30+XAUUSD,EURUSD/3min ss=180 (local_rank=2) | SPX500/5min ss=180 (local_rank=5) | XAUUSD/3min ss=180 (local_rank=3) | US30/3min ss=180 (local_rank=5),0.062,0.0356,48.9,0.0,10,319,"{'EURUSD': 0.563, 'SPX500': 0.36, 'XAUUSD': 1.255, 'US30': 1.061}"
4,EURUSD+NDX100+SPX500+XAUUSD,EURUSD/3min ss=180 (local_rank=2) | SPX500/5min ss=180 (local_rank=5) | XAUUSD/3min ss=180 (local_rank=3) | NDX100/5min ss=180 (local_rank=0),0.038,0.0403,51.7,0.3,10,319,"{'EURUSD': 0.638, 'SPX500': 0.408, 'XAUUSD': 1.422, 'NDX100': 2.111}"
4,EURUSD+NDX100+SPX500+US30,EURUSD/3min ss=180 (local_rank=2) | SPX500/5min ss=180 (local_rank=5) | US30/3min ss=180 (local_rank=5) | NDX100/5min ss=180 (local_rank=0),0.082,0.0361,49.2,0.3,10,319,"{'EURUSD': 0.571, 'SPX500': 0.365, 'US30': 1.076, 'NDX100': 1.888}"
4,EURUSD+NDX100+US30+XAUUSD,EURUSD/3min ss=180 (local_rank=2) | XAUUSD/3min ss=180 (local_rank=3) | US30/3min ss=180 (local_rank=5) | NDX100/5min ss=180 (local_rank=0),0.059,0.0318,52.1,0.3,10,313,"{'EURUSD': 0.503, 'XAUUSD': 1.122, 'US30': 0.949, 'NDX100': 1.665}"
4,NDX100+SPX500+US30+XAUUSD,SPX500/5min ss=180 (local_rank=5) | XAUUSD/3min ss=180 (local_rank=3) | US30/3min ss=180 (local_rank=5) | NDX100/5min ss=180 (local_rank=0),0.082,0.0314,49.8,0.3,10,319,"{'SPX500': 0.318, 'XAUUSD': 1.11, 'US30': 0.938, 'NDX100': 1.647}"
5,EURUSD+GBPUSD+GER40+SPX500+XAUUSD,GBPUSD/3min ss=180 (local_rank=7) | GER40/5min ss=180 (local_rank=0) | EURUSD/3min ss=180 (local_rank=2) | SPX500/5min ss=180 (local_rank=5) | XAUUSD/3min ss=180 (local_rank=3),0.064,0.0411,48.0,0.0,10,319,"{'GBPUSD': 1.445, 'GER40': 2.254, 'EURUSD': 0.651, 'SPX500': 0.416, 'XAUUSD': 1.45}"
5,EURUSD+GBPUSD+GER40+SPX500+US30,GBPUSD/3min ss=180 (local_rank=7) | GER40/5min ss=180 (local_rank=0) | EURUSD/3min ss=180 (local_rank=2) | SPX500/5min ss=180 (local_rank=5) | US30/3min ss=180 (local_rank=5),0.093,0.0363,48.3,0.0,10,319,"{'GBPUSD': 1.278, 'GER40': 1.993, 'EURUSD': 0.576, 'SPX500': 0.368, 'US30': 1.085}"
5,EURUSD+GBPUSD+GER40+NDX100+SPX500,GBPUSD/3min ss=180 (local_rank=7) | GER40/5min ss=180 (local_rank=0) | EURUSD/3min ss=180 (local_rank=2) | SPX500/5min ss=180 (local_rank=5) | NDX100/5min ss=180 (local_rank=0),0.073,0.0411,51.7,0.0,10,319,"{'GBPUSD': 1.445, 'GER40': 2.253, 'EURUSD': 0.651, 'SPX500': 0.416, 'NDX100': 2.152}"
5,EURUSD+GBPUSD+GER40+US30+XAUUSD,GBPUSD/3min ss=180 (local_rank=7) | GER40/5min ss=180 (local_rank=0) | EURUSD/3min ss=180 (local_rank=2) | XAUUSD/3min ss=180 (local_rank=3) | US30/3min ss=180 (local_rank=5),0.067,0.031,51.4,0.0,10,313,"{'GBPUSD': 1.09, 'GER40': 1.7, 'EURUSD': 0.491, 'XAUUSD': 1.094, 'US30': 0.925}"
5,EURUSD+GBPUSD+GER40+NDX100+XAUUSD,GBPUSD/3min ss=180 (local_rank=7) | GER40/5min ss=180 (local_rank=0) | EURUSD/3min ss=180 (local_rank=2) | XAUUSD/3min ss=180 (local_rank=3) | NDX100/5min ss=180 (local_rank=0),0.054,0.0398,47.6,0.0,10,313,"{'GBPUSD': 1.399, 'GER40': 2.183, 'EURUSD': 0.63, 'XAUUSD': 1.404, 'NDX100': 2.085}"
5,EURUSD+GBPUSD+GER40+NDX100+US30,GBPUSD/3min ss=180 (local_rank=7) | GER40/5min ss=180 (local_rank=0) | EURUSD/3min ss=180 (local_rank=2) | US30/3min ss=180 (local_rank=5) | NDX100/5min ss=180 (local_rank=0),0.079,0.0349,47.3,0.0,10,313,"{'GBPUSD': 1.228, 'GER40': 1.915, 'EURUSD': 0.553, 'US30': 1.042, 'NDX100': 1.829}"
5,GBPUSD+GER40+SPX500+US30+XAUUSD,GBPUSD/3min ss=180 (local_rank=7) | GER40/5min ss=180 (local_rank=0) | SPX500/5min ss=180 (local_rank=5) | XAUUSD/3min ss=180 (local_rank=3) | US30/3min ss=180 (local_rank=5),0.087,0.0321,52.4,0.0,10,319,"{'GBPUSD': 1.128, 'GER40': 1.759, 'SPX500': 0.325, 'XAUUSD': 1.132, 'US30': 0.957}"
5,GBPUSD+GER40+NDX100+SPX500+XAUUSD,GBPUSD/3min ss=180 (local_rank=7) | GER40/5min ss=180 (local_rank=0) | SPX500/5min ss=180 (local_rank=5) | XAUUSD/3min ss=180 (local_rank=3) | NDX100/5min ss=180 (local_rank=0),0.057,0.0368,52.0,0.3,10,319,"{'GBPUSD': 1.295, 'GER40': 2.02, 'SPX500': 0.373, 'XAUUSD': 1.3, 'NDX100': 1.929}"
5,GBPUSD+GER40+NDX100+SPX500+US30,GBPUSD/3min ss=180 (local_rank=7) | GER40/5min ss=180 (local_rank=0) | SPX500/5min ss=180 (local_rank=5) | US30/3min ss=180 (local_rank=5) | NDX100/5min ss=180 (local_rank=0),0.106,0.0306,53.0,0.3,10,319,"{'GBPUSD': 1.076, 'GER40': 1.679, 'SPX500': 0.31, 'US30': 0.914, 'NDX100': 1.603}"
5,GBPUSD+GER40+NDX100+US30+XAUUSD,GBPUSD/3min ss=180 (local_rank=7) | GER40/5min ss=180 (local_rank=0) | XAUUSD/3min ss=180 (local_rank=3) | US30/3min ss=180 (local_rank=5) | NDX100/5min ss=180 (local_rank=0),0.067,0.03,50.5,0.3,10,313,"{'GBPUSD': 1.053, 'GER40': 1.643, 'XAUUSD': 1.057, 'US30': 0.894, 'NDX100': 1.569}"
5,EURUSD+GBPUSD+SPX500+US30+XAUUSD,GBPUSD/3min ss=180 (local_rank=7) | EURUSD/3min ss=180 (local_rank=2) | SPX500/5min ss=180 (local_rank=5) | XAUUSD/3min ss=180 (local_rank=3) | US30/3min ss=180 (local_rank=5),0.067,0.0339,50.2,0.0,10,319,"{'GBPUSD': 1.191, 'EURUSD': 0.536, 'SPX500': 0.343, 'XAUUSD': 1.196, 'US30': 1.011}"
5,EURUSD+GBPUSD+NDX100+SPX500+XAUUSD,GBPUSD/3min ss=180 (local_rank=7) | EURUSD/3min ss=180 (local_rank=2) | SPX500/5min ss=180 (local_rank=5) | XAUUSD/3min ss=180 (local_rank=3) | NDX100/5min ss=180 (local_rank=0),0.051,0.0418,48.0,0.3,10,319,"{'GBPUSD': 1.469, 'EURUSD': 0.661, 'SPX500': 0.423, 'XAUUSD': 1.474, 'NDX100': 2.188}"
5,EURUSD+GBPUSD+NDX100+SPX500+US30,GBPUSD/3min ss=180 (local_rank=7) | EURUSD/3min ss=180 (local_rank=2) | SPX500/5min ss=180 (local_rank=5) | US30/3min ss=180 (local_rank=5) | NDX100/5min ss=180 (local_rank=0),0.084,0.037,48.6,0.3,10,319,"{'GBPUSD': 1.3, 'EURUSD': 0.585, 'SPX500': 0.374, 'US30': 1.103, 'NDX100': 1.936}"
5,EURUSD+GBPUSD+NDX100+US30+XAUUSD,GBPUSD/3min ss=180 (local_rank=7) | EURUSD/3min ss=180 (local_rank=2) | XAUUSD/3min ss=180 (local_rank=3) | US30/3min ss=180 (local_rank=5) | NDX100/5min ss=180 (local_rank=0),0.064,0.0314,49.5,0.3,10,313,"{'GBPUSD': 1.106, 'EURUSD': 0.498, 'XAUUSD': 1.11, 'US30': 0.939, 'NDX100': 1.647}"
5,GBPUSD+NDX100+SPX500+US30+XAUUSD,GBPUSD/3min ss=180 (local_rank=7) | SPX500/5min ss=180 (local_rank=5) | XAUUSD/3min ss=180 (local_rank=3) | US30/3min ss=180 (local_rank=5) | NDX100/5min ss=180 (local_rank=0),0.075,0.0326,49.2,0.3,10,319,"{'GBPUSD': 1.145, 'SPX500': 0.33, 'XAUUSD': 1.149, 'US30': 0.972, 'NDX100': 1.705}"
5,EURUSD+GER40+SPX500+US30+XAUUSD,GER40/5min ss=180 (local_rank=0) | EURUSD/3min ss=180 (local_rank=2) | SPX500/5min ss=180 (local_rank=5) | XAUUSD/3min ss=180 (local_rank=3) | US30/3min ss=180 (local_rank=5),0.072,0.0334,47.6,0.0,10,319,"{'GER40': 1.832, 'EURUSD': 0.529, 'SPX500': 0.338, 'XAUUSD': 1.179, 'US30': 0.997}"
5,EURUSD+GER40+NDX100+SPX500+XAUUSD,GER40/5min ss=180 (local_rank=0) | EURUSD/3min ss=180 (local_rank=2) | SPX500/5min ss=180 (local_rank=5) | XAUUSD/3min ss=180 (local_rank=3) | NDX100/5min ss=180 (local_rank=0),0.047,0.039,47.0,0.0,10,319,"{'GER40': 2.137, 'EURUSD': 0.617, 'SPX500': 0.395, 'XAUUSD': 1.375, 'NDX100': 2.041}"
5,EURUSD+GER40+NDX100+SPX500+US30,GER40/5min ss=180 (local_rank=0) | EURUSD/3min ss=180 (local_rank=2) | SPX500/5min ss=180 (local_rank=5) | US30/3min ss=180 (local_rank=5) | NDX100/5min ss=180 (local_rank=0),0.083,0.0325,48.6,0.0,10,319,"{'GER40': 1.783, 'EURUSD': 0.515, 'SPX500': 0.329, 'US30': 0.97, 'NDX100': 1.703}"
5,EURUSD+GER40+NDX100+US30+XAUUSD,GER40/5min ss=180 (local_rank=0) | EURUSD/3min ss=180 (local_rank=2) | XAUUSD/3min ss=180 (local_rank=3) | US30/3min ss=180 (local_rank=5) | NDX100/5min ss=180 (local_rank=0),0.057,0.0297,50.2,0.3,10,313,"{'GER40': 1.627, 'EURUSD': 0.47, 'XAUUSD': 1.047, 'US30': 0.885, 'NDX100': 1.554}"
5,GER40+NDX100+SPX500+US30+XAUUSD,GER40/5min ss=180 (local_rank=0) | SPX500/5min ss=180 (local_rank=5) | XAUUSD/3min ss=180 (local_rank=3) | US30/3min ss=180 (local_rank=5) | NDX100/5min ss=180 (local_rank=0),0.081,0.029,48.6,0.3,10,319,"{'GER40': 1.593, 'SPX500': 0.294, 'XAUUSD': 1.025, 'US30': 0.867, 'NDX100': 1.521}"
5,EURUSD+NDX100+SPX500+US30+XAUUSD,EURUSD/3min ss=180 (local_rank=2) | SPX500/5min ss=180 (local_rank=5) | XAUUSD/3min ss=180 (local_rank=3) | US30/3min ss=180 (local_rank=5) | NDX100/5min ss=180 (local_rank=0),0.065,0.0322,52.0,0.3,10,319,"{'EURUSD': 0.51, 'SPX500': 0.326, 'XAUUSD': 1.136, 'US30': 0.961, 'NDX100': 1.687}"
6,EURUSD+GBPUSD+GER40+SPX500+US30+XAUUSD,GBPUSD/3min ss=180 (local_rank=7) | GER40/5min ss=180 (local_rank=0) | EURUSD/3min ss=180 (local_rank=2) | SPX500/5min ss=180 (local_rank=5) | XAUUSD/3min ss=180 (local_rank=3) | US30/3min ss=180 (local_rank=5),0.075,0.0332,47.6,0.0,10,319,"{'GBPUSD': 1.169, 'GER40': 1.823, 'EURUSD': 0.526, 'SPX500': 0.337, 'XAUUSD': 1.173, 'US30': 0.992}"
6,EURUSD+GBPUSD+GER40+NDX100+SPX500+XAUUSD,GBPUSD/3min ss=180 (local_rank=7) | GER40/5min ss=180 (local_rank=0) | EURUSD/3min ss=180 (local_rank=2) | SPX500/5min ss=180 (local_rank=5) | XAUUSD/3min ss=180 (local_rank=3) | NDX100/5min ss=180 (local_rank=0),0.057,0.0387,50.2,0.0,10,319,"{'GBPUSD': 1.361, 'GER40': 2.122, 'EURUSD': 0.613, 'SPX500': 0.392, 'XAUUSD': 1.365, 'NDX100': 2.027}"
6,EURUSD+GBPUSD+GER40+NDX100+SPX500+US30,GBPUSD/3min ss=180 (local_rank=7) | GER40/5min ss=180 (local_rank=0) | EURUSD/3min ss=180 (local_rank=2) | SPX500/5min ss=180 (local_rank=5) | US30/3min ss=180 (local_rank=5) | NDX100/5min ss=180 (local_rank=0),0.086,0.0321,51.7,0.3,10,319,"{'GBPUSD': 1.128, 'GER40': 1.76, 'EURUSD': 0.508, 'SPX500': 0.325, 'US30': 0.958, 'NDX100': 1.681}"
6,EURUSD+GBPUSD+GER40+NDX100+US30+XAUUSD,GBPUSD/3min ss=180 (local_rank=7) | GER40/5min ss=180 (local_rank=0) | EURUSD/3min ss=180 (local_rank=2) | XAUUSD/3min ss=180 (local_rank=3) | US30/3min ss=180 (local_rank=5) | NDX100/5min ss=180 (local_rank=0),0.065,0.03,50.2,0.3,10,313,"{'GBPUSD': 1.055, 'GER40': 1.645, 'EURUSD': 0.475, 'XAUUSD': 1.058, 'US30': 0.895, 'NDX100': 1.571}"
6,GBPUSD+GER40+NDX100+SPX500+US30+XAUUSD,GBPUSD/3min ss=180 (local_rank=7) | GER40/5min ss=180 (local_rank=0) | SPX500/5min ss=180 (local_rank=5) | XAUUSD/3min ss=180 (local_rank=3) | US30/3min ss=180 (local_rank=5) | NDX100/5min ss=180 (local_rank=0),0.079,0.0308,48.6,0.3,10,319,"{'GBPUSD': 1.082, 'GER40': 1.688, 'SPX500': 0.312, 'XAUUSD': 1.086, 'US30': 0.919, 'NDX100': 1.612}"
6,EURUSD+GBPUSD+NDX100+SPX500+US30+XAUUSD,GBPUSD/3min ss=180 (local_rank=7) | EURUSD/3min ss=180 (local_rank=2) | SPX500/5min ss=180 (local_rank=5) | XAUUSD/3min ss=180 (local_rank=3) | US30/3min ss=180 (local_rank=5) | NDX100/5min ss=180 (local_rank=0),0.067,0.031,50.8,0.3,10,319,"{'GBPUSD': 1.091, 'EURUSD': 0.491, 'SPX500': 0.314, 'XAUUSD': 1.095, 'US30': 0.926, 'NDX100': 1.625}"
6,EURUSD+GER40+NDX100+SPX500+US30+XAUUSD,GER40/5min ss=180 (local_rank=0) | EURUSD/3min ss=180 (local_rank=2) | SPX500/5min ss=180 (local_rank=5) | XAUUSD/3min ss=180 (local_rank=3) | US30/3min ss=180 (local_rank=5) | NDX100/5min ss=180 (local_rank=0),0.068,0.0304,49.8,0.3,10,319,"{'GER40': 1.665, 'EURUSD': 0.481, 'SPX500': 0.307, 'XAUUSD': 1.071, 'US30': 0.906, 'NDX100': 1.59}"
