pool_row,asset,tf,tp_mode,search_score,search_pf,n_trades,split,is_pass_500,is_days_500,is_pass_750,is_days_750,is_pass_1000,is_days_1000,is_pass_1250,is_days_1250,is_pass_1500,is_days_1500,best_risk,is_pass,is_days_med,is_cohorts,oos_pass,oos_fail,oos_days_med,oos_days_p90,oos_cohorts,full_pass,full_days_med,target_raised%,capped%,avg_contracts
18451,6E,5min,reversal_to_open,3.8189,1.099,1217,2024-04-29,5.9,289,6.4,26,4.8,234,2.7,24,2.1,24,750,6.4,26,187,8.7,86.5,207,235,126,7.3,193,33.9,90.8,48.6
29747,6E,3min,reversal_to_open,3.7654,1.067,2162,2024-04-29,17.1,26,15.5,32,13.4,32,13.4,32,13.9,32,500,17.1,26,187,7.1,88.9,54,75,126,13.1,32,41.9,53.7,41.6
23579,6E,3min,reversal_to_open,3.6608,1.122,658,2024-04-29,13.9,71,11.8,54,13.9,68,13.9,68,13.9,54,1500,13.9,54,187,0.8,93.7,33,33,126,8.6,53,36.4,97.6,49.8
20435,6E,5min,opposite_level,3.528,0.983,1880,2024-04-29,19.3,47,15.5,29,12.8,22,13.4,23,13.4,23,500,19.3,47,187,3.2,93.7,37,43,126,12.8,43,24.3,13.9,29.1
1189,6E,3min,opposite_level,3.4678,1.185,765,2024-04-29,0.0,,0.0,,0.0,,0.0,,0.0,,500,0.0,,187,1.6,92.1,50,50,126,0.6,50,39.3,89.7,48.2
20885,6E,5min,reversal_to_open,3.4478,1.027,1316,2024-04-29,17.1,81,16.6,81,17.1,81,17.1,81,17.1,81,500,17.1,81,187,2.4,91.3,25,32,126,11.2,80,27.2,82.8,47.2
15689,6E,5min,reversal_to_open,3.4039,1.035,1037,2024-04-29,20.9,58,20.9,58,20.3,58,20.3,60,18.7,51,500,20.9,58,187,16.7,77.8,73,123,126,19.2,66,26.2,68.9,45.7
9459,6E,3min,fixed_rr,3.3809,0.999,748,2024-04-29,13.9,79,12.8,58,11.8,51,13.9,51,13.9,52,1250,13.9,51,187,6.4,88.0,73,486,125,10.9,52,40.4,78.1,46.4
28525,6E,5min,opposite_level,3.3676,0.999,1173,2024-04-29,10.2,71,10.7,51,12.8,47,12.8,43,12.3,40,1250,12.8,43,187,4.0,92.9,65,85,126,9.3,43,25.2,82.9,47.4
12559,6E,3min,opposite_level,3.2776,1.088,821,2024-04-29,19.8,754,10.7,61,9.1,59,9.1,43,9.1,43,500,19.8,754,187,11.2,84.0,64,87,125,16.3,337,37.5,56.9,42.2
14073,6E,5min,opposite_level,3.2509,0.968,1996,2024-04-29,4.8,71,4.3,61,4.8,61,4.8,61,4.8,61,1000,4.8,61,187,10.3,80.2,61,122,126,7.0,61,40.3,94.3,49.3
10391,6E,5min,reversal_to_open,3.2196,0.963,957,2024-04-29,4.3,66,12.8,68,16.0,53,17.6,51,13.9,47,1250,17.6,51,187,1.6,93.7,108,108,126,11.2,53,29.4,96.0,49.5
9695,6E,3min,reversal_to_open,3.1465,1.063,1090,2024-04-29,5.3,75,4.3,92,3.7,36,3.7,36,3.7,36,500,5.3,75,187,9.5,84.9,75,99,126,7.0,75,35.5,63.6,43.7
18405,6E,5min,reversal_to_open,3.1435,1.063,633,2024-04-29,23.5,141,23.5,131,23.5,124,24.6,124,24.6,124,1250,24.6,124,187,0.0,86.5,,,126,14.7,124,38.7,98.1,49.8
19839,6E,5min,opposite_level,3.1406,1.05,1262,2024-04-29,9.6,45,9.1,47,8.6,47,9.1,47,8.6,47,500,9.6,45,187,3.2,94.4,24,33,126,7.0,33,37.7,54.4,41.5
15225,6E,5min,fixed_rr,3.0417,1.028,1404,2024-04-29,24.6,60,26.7,39,18.7,32,21.9,32,21.9,32,750,26.7,39,187,11.1,81.7,31,81,126,20.4,32,25.9,76.6,46.7
239,6E,5min,fixed_rr,3.0365,1.015,1091,2024-04-29,23.7,33,23.1,33,21.5,32,21.5,32,21.5,33,500,23.7,33,186,1.6,92.9,38,38,126,14.7,33,21.2,46.0,39.0
23607,6E,5min,opposite_level,2.9697,1.025,1023,2024-04-29,22.6,58,18.3,46,17.2,46,17.7,46,17.2,47,500,22.6,58,186,3.2,90.5,44,65,126,14.7,54,35.6,46.7,39.6
26375,6E,3min,opposite_level,2.9522,0.939,3002,2024-04-29,11.8,30,9.1,24,10.2,26,10.2,24,10.7,23,500,11.8,30,187,3.2,92.1,15,19,126,8.3,29,31.0,51.5,40.7
22329,6E,3min,fixed_rr,2.9239,1.031,691,2024-04-29,24.7,82,21.0,54,22.6,46,21.5,47,20.4,54,500,24.7,82,186,28.0,67.2,128,177,125,26.0,96,16.7,25.0,31.0
4197,6E,5min,reversal_to_open,2.8802,1.172,978,2024-04-29,7.5,115,10.2,122,9.6,110,9.1,101,8.6,101,750,10.2,122,187,8.8,86.4,51,66,125,9.6,82,33.7,89.6,48.4
16499,6E,5min,reversal_to_open,2.8746,0.98,672,2024-04-29,19.8,94,18.7,68,18.2,68,16.0,73,15.0,66,500,19.8,94,187,5.6,91.3,169,193,126,14.1,108,26.5,68.6,45.0
21175,6E,5min,reversal_to_open,2.847,0.947,1622,2024-04-29,12.8,52,13.9,66,12.8,81,12.3,86,12.8,86,750,13.9,66,187,4.8,90.5,81,95,126,10.2,67,28.1,91.6,49.0
6555,6E,3min,opposite_level,2.8443,0.963,1103,2024-04-29,16.6,80,21.4,59,19.3,52,19.3,54,19.8,52,750,21.4,59,187,11.9,84.9,36,64,126,17.6,51,21.4,73.0,46.5
19125,6E,3min,reversal_to_open,2.8021,0.955,1568,2024-04-29,7.5,103,7.0,54,5.3,93,4.8,93,4.8,93,500,7.5,103,187,4.8,90.5,30,40,126,6.4,47,32.6,76.0,46.3
2293,6E,5min,reversal_to_open,2.7826,0.978,1267,2024-04-29,9.6,92,7.5,85,7.0,71,7.0,78,6.4,89,500,9.6,92,187,0.0,98.4,,,126,5.8,92,15.0,72.4,44.6
497,6E,3min,reversal_to_open,2.7801,1.039,1672,2024-04-29,0.0,,2.2,40,3.2,40,3.2,33,2.2,26,1250,3.2,33,186,3.2,88.9,80,101,126,3.2,47,42.0,97.5,49.8
8023,6E,3min,reversal_to_open,2.7742,0.983,1669,2024-04-29,5.3,81,2.1,116,4.8,45,5.3,45,5.3,40,1500,5.3,40,187,0.8,92.9,75,75,126,3.5,40,39.0,97.8,49.8
28171,6E,3min,opposite_level,2.7659,0.975,844,2024-04-29,24.1,108,20.3,80,17.1,68,18.7,54,18.7,54,500,24.1,108,187,4.0,77.8,234,283,126,16.0,114,28.8,18.8,31.8
25381,6E,5min,reversal_to_open,2.7593,1.024,1151,2024-04-29,8.6,120,8.0,148,9.6,137,11.2,137,11.8,128,1500,11.8,128,187,12.7,82.5,100,128,126,12.1,110,36.1,99.0,49.8
4661,6E,5min,reversal_to_open,2.7519,0.997,921,2024-04-29,7.5,110,10.7,88,17.1,102,17.1,95,17.1,95,1250,17.1,95,187,17.6,76.0,44,79,125,17.3,66,36.9,92.1,49.0
4013,6E,3min,opposite_level,2.7357,0.992,1172,2024-04-29,4.8,81,4.8,80,4.8,67,4.8,67,4.8,67,1000,4.8,67,187,4.8,87.3,236,250,126,4.8,88,40.6,98.5,49.8
9797,6E,3min,opposite_level,2.7306,0.994,1160,2024-04-29,2.7,156,1.1,149,1.1,149,1.1,149,1.1,149,500,2.7,156,187,5.6,88.0,25,46,125,3.8,39,41.7,87.9,48.0
9813,6E,5min,opposite_level,2.6821,0.897,1884,2024-04-29,18.2,30,16.6,23,16.6,23,16.6,26,16.6,26,500,18.2,30,187,2.4,88.9,22,43,126,11.8,26,26.5,64.5,45.5
17327,6E,3min,opposite_level,2.6792,0.996,1328,2024-04-29,9.1,26,9.1,26,7.5,31,8.6,26,8.6,31,500,9.1,26,186,17.5,80.2,37,65,126,12.5,33,40.4,57.2,42.5
11271,6E,5min,reversal_to_open,2.6642,0.864,2226,2024-04-29,9.6,37,12.3,50,12.8,46,13.4,66,14.4,88,1500,14.4,88,187,4.0,94.4,24,46,126,10.2,51,31.3,94.9,49.4
11351,6E,3min,opposite_level,2.6474,0.902,3799,2024-04-29,4.8,23,4.8,22,4.8,22,4.8,22,4.8,22,750,4.8,22,187,0.8,95.2,15,15,126,3.2,22,36.7,86.0,47.6
20455,6E,5min,opposite_level,2.5782,0.906,1206,2024-04-29,4.3,68,3.7,43,2.1,37,1.6,29,1.6,29,500,4.3,68,187,1.6,93.7,135,135,126,3.2,131,38.7,80.3,46.7
25319,6E,5min,opposite_level,2.5141,1.055,876,2024-04-29,10.2,59,7.5,53,7.5,46,6.4,54,7.5,59,500,10.2,59,187,4.0,88.0,26,43,125,7.7,53,34.0,34.2,37.6
18057,6E,5min,reversal_to_open,2.5108,1.038,855,2024-04-29,11.8,116,11.8,116,11.8,116,11.8,116,11.8,116,500,11.8,116,187,0.0,94.4,,,126,7.0,116,26.2,95.0,49.2
8763,6E,5min,reversal_to_open,2.4902,1.033,1015,2024-04-29,23.5,169,21.4,214,15.0,221,13.9,106,13.9,99,500,23.5,169,187,18.4,77.6,99,152,125,21.5,131,21.8,46.4,39.4
14975,6E,5min,reversal_to_open,2.4537,1.022,752,2024-04-29,12.3,157,15.5,135,11.8,94,11.8,87,10.7,94,750,15.5,135,187,0.0,96.0,,,126,9.3,135,20.4,86.4,47.7
23811,6E,5min,reversal_to_open,2.4459,1.155,710,2024-04-29,7.5,276,5.9,269,3.8,283,2.7,289,1.1,296,500,7.5,276,186,13.5,73.0,82,115,126,9.9,101,34.9,84.6,47.1
10293,6E,3min,opposite_level,2.4445,0.946,595,2024-04-29,7.5,96,5.3,180,5.9,75,5.3,45,5.9,40,500,7.5,96,187,0.8,94.4,17,17,125,4.8,89,33.3,21.2,32.4
1369,6E,5min,opposite_level,2.4263,0.861,9224,2024-04-29,7.0,10,9.1,15,9.1,22,10.2,17,8.6,15,1250,10.2,17,187,6.3,93.7,15,26,126,8.6,15,36.7,84.6,48.0
7645,6E,5min,fixed_rr,2.3993,0.903,1496,2024-04-29,12.9,52,9.7,38,9.1,39,7.5,39,8.1,39,500,12.9,52,186,19.2,79.2,30,58,125,15.4,40,31.8,42.7,38.2
28629,6E,5min,reversal_to_open,2.3935,0.983,2429,2024-04-29,13.4,61,11.8,25,11.2,22,12.3,22,12.3,24,500,13.4,61,187,5.6,88.9,33,68,126,10.2,47,36.1,60.8,42.2
27567,6E,3min,fixed_rr,2.3812,0.935,819,2024-04-29,10.2,120,8.0,74,12.3,47,15.0,54,15.5,44,1500,15.5,44,187,8.7,90.5,71,110,126,12.8,52,42.2,63.4,43.7
20763,6E,5min,reversal_to_open,2.3796,1.03,745,2024-04-29,13.4,93,9.7,86,11.8,88,11.3,82,11.3,88,500,13.4,93,186,0.0,97.6,,,124,8.1,93,29.0,76.8,46.1
30407,6E,3min,opposite_level,2.3774,1.051,831,2024-04-29,2.2,68,2.2,68,2.2,75,2.2,75,2.2,75,500,2.2,68,185,0.0,92.1,,,126,1.3,68,40.8,85.6,47.1
29139,6E,5min,reversal_to_open,2.3745,0.892,2889,2024-04-29,12.3,26,11.8,26,11.2,22,11.8,26,11.8,26,500,12.3,26,187,0.8,96.0,117,117,126,7.7,26,29.1,79.2,46.6
16341,6E,3min,fixed_rr,2.3295,0.957,2035,2024-04-29,7.5,59,5.3,58,5.9,58,6.4,58,6.4,58,500,7.5,59,187,3.2,95.2,40,54,126,5.8,58,36.7,14.1,29.1
27251,6E,5min,fixed_rr,2.3202,0.922,748,2024-04-29,3.2,121,2.1,67,2.7,50,3.2,50,3.2,50,1250,3.2,50,187,0.0,92.1,,,126,1.9,50,30.4,91.7,49.0
33177,6E,3min,opposite_level,2.3052,0.956,1313,2024-04-29,6.4,51,4.8,32,3.7,24,5.9,25,6.4,25,1500,6.4,25,187,0.8,95.2,37,37,126,4.2,25,30.7,91.1,48.5
10287,6E,3min,reversal_to_open,2.3023,1.119,628,2024-04-29,25.7,110,20.9,114,21.9,93,22.5,95,21.9,88,500,25.7,110,187,0.0,85.7,,,126,15.3,110,24.9,83.0,47.2
16457,6E,5min,fixed_rr,2.3012,0.918,762,2024-04-29,15.5,50,13.9,47,9.6,39,8.0,40,9.1,33,500,15.5,50,187,8.7,84.9,57,71,126,12.8,54,9.9,6.2,21.4
14297,6E,5min,reversal_to_open,2.3005,0.877,1092,2024-04-29,5.3,30,7.0,50,6.4,50,8.0,73,7.0,50,1250,8.0,73,187,3.2,92.1,136,143,126,6.1,80,30.4,97.0,49.6
18401,6E,5min,opposite_level,2.2912,0.966,1072,2024-04-29,18.7,59,18.7,43,19.3,50,18.7,50,18.7,50,1000,19.3,50,187,1.6,88.1,23,23,126,12.1,44,21.7,95.5,49.6
26939,6E,5min,opposite_level,2.289,0.94,1594,2024-04-29,14.4,206,15.5,172,12.8,58,12.8,58,10.2,30,750,15.5,172,187,0.0,97.6,,,126,9.3,172,23.0,84.2,47.2
27283,6E,3min,opposite_level,2.2757,1.005,1057,2024-04-29,1.1,157,1.6,26,1.6,26,1.6,26,1.6,26,750,1.6,26,186,7.9,86.5,115,227,126,4.2,96,30.8,95.6,49.3
24915,6E,5min,reversal_to_open,2.2647,0.935,1062,2024-04-29,4.8,134,5.3,163,7.0,131,7.0,103,7.0,110,1250,7.0,103,187,9.5,81.0,44,74,126,8.0,58,33.2,96.1,49.7
6485,6E,5min,opposite_level,2.2405,1.0,646,2024-04-29,18.5,89,15.2,66,13.6,47,14.1,47,14.1,47,500,18.5,89,184,12.7,78.6,58,101,126,16.1,68,28.4,28.8,33.7
6659,6E,3min,opposite_level,2.2337,0.876,723,2024-04-29,3.2,36,6.4,39,7.0,32,7.5,39,8.0,39,1500,8.0,39,187,0.8,95.2,22,22,125,5.1,39,42.6,91.6,48.3
5887,6E,5min,fixed_rr,2.2317,0.995,2007,2024-04-29,19.8,46,19.8,29,17.1,23,16.6,18,17.6,18,750,19.8,29,187,1.6,96.0,15,15,126,12.5,29,21.1,26.5,33.9
13491,6E,5min,opposite_level,2.2207,0.966,1507,2024-04-29,5.9,24,6.4,33,6.4,38,6.4,38,5.3,38,750,6.4,33,187,0.0,95.2,,,126,3.8,33,34.5,92.9,49.0
28929,6E,5min,reversal_to_open,2.2203,0.979,1097,2024-04-29,10.2,47,10.7,45,10.2,46,10.7,52,10.7,52,750,10.7,45,187,13.5,79.4,73,131,126,11.8,54,33.2,85.3,47.9
30881,6E,5min,reversal_to_open,2.2118,0.985,986,2024-04-29,7.5,72,12.3,73,13.9,79,13.4,79,13.4,79,1000,13.9,79,187,10.3,81.7,54,117,126,12.5,72,37.7,98.5,49.9
2151,6E,3min,reversal_to_open,2.2066,0.944,1271,2024-04-29,13.4,88,12.8,59,12.8,46,13.4,39,13.9,52,1500,13.9,52,187,3.2,91.3,23,45,126,9.6,38,31.6,99.3,50.0
13185,6E,5min,reversal_to_open,2.1999,0.915,909,2024-04-29,15.6,221,14.0,235,11.8,267,7.0,228,5.9,228,500,15.6,221,186,11.9,72.2,96,110,126,14.1,110,37.2,71.3,44.6
8807,6E,5min,opposite_level,2.1972,0.869,4732,2024-04-29,7.5,38,6.4,16,5.9,9,7.0,12,6.4,12,500,7.5,38,187,4.8,93.7,17,33,126,6.4,23,31.6,40.2,38.4
20055,6E,3min,opposite_level,2.192,0.924,1049,2024-04-29,4.3,78,5.3,74,5.3,74,4.8,67,4.8,67,750,5.3,74,187,0.8,94.4,37,37,126,3.5,71,37.7,94.6,49.3
24665,6E,3min,opposite_level,2.1755,0.952,1720,2024-04-29,7.5,38,7.0,22,7.0,19,6.4,24,6.4,24,500,7.5,38,187,16.7,81.7,54,106,126,11.2,46,39.6,65.8,44.4
11879,6E,5min,opposite_level,2.1707,0.931,1764,2024-04-29,9.6,38,8.6,50,9.1,50,10.2,33,9.6,33,1250,10.2,33,187,7.9,87.3,23,150,126,9.3,29,33.9,96.5,49.7
20839,6E,5min,reversal_to_open,2.1666,1.003,1392,2024-04-29,15.0,52,14.4,59,14.4,59,13.4,61,13.9,61,500,15.0,52,187,4.0,94.4,26,59,126,10.5,50,25.2,83.3,46.9
8953,6E,3min,opposite_level,2.1638,0.949,1323,2024-04-29,0.5,18,0.5,18,0.5,18,0.5,18,0.5,18,500,0.5,18,187,4.0,90.5,18,25,126,1.9,18,35.5,87.3,47.9
3187,6E,5min,opposite_level,2.1633,1.023,795,2024-04-29,28.9,88,21.4,64,21.4,74,20.3,72,16.6,60,500,28.9,88,187,16.0,76.8,86,141,125,23.7,86,30.4,26.9,33.9
14089,6E,5min,opposite_level,2.1396,0.933,2117,2024-04-29,2.1,43,5.3,44,6.4,45,5.3,45,5.3,44,1000,6.4,45,187,0.0,96.8,,,126,3.8,45,38.0,93.3,49.1
129,6E,5min,reversal_to_open,2.1337,0.893,1451,2024-04-29,6.5,25,6.5,24,6.5,23,7.0,24,6.5,24,1250,7.0,24,186,3.2,88.9,64,78,126,5.4,24,32.7,90.5,48.7
11241,6E,5min,reversal_to_open,2.1202,0.959,1655,2024-04-29,9.1,51,7.0,51,6.4,75,7.0,75,7.0,71,500,9.1,51,187,2.4,94.4,31,38,126,6.4,50,23.6,87.3,47.8
33137,6E,5min,reversal_to_open,2.1195,0.937,700,2024-04-29,16.6,102,16.0,72,16.6,78,17.1,82,16.6,82,1250,17.1,82,187,7.9,84.9,57,96,126,13.4,64,24.0,96.4,49.6
8885,6E,5min,reversal_to_open,2.118,1.074,647,2024-04-29,1.6,47,2.2,72,0.0,,0.0,,0.0,,750,2.2,72,186,4.8,80.8,52,66,125,3.2,53,37.0,88.1,48.3
8503,6E,3min,opposite_level,2.1101,0.859,4735,2024-04-29,2.1,40,2.1,26,2.1,26,2.7,25,2.7,25,1250,2.7,25,187,3.2,96.0,17,25,126,2.9,18,29.1,98.7,49.8
15091,6E,5min,fixed_rr,2.1093,0.941,848,2024-04-29,13.9,66,10.2,33,10.7,52,10.7,52,11.8,52,500,13.9,66,187,4.8,93.7,50,75,126,10.2,59,18.8,9.9,28.6
16615,6E,3min,opposite_level,2.1086,0.942,2362,2024-04-29,2.7,53,3.2,53,3.7,53,3.7,53,3.7,53,1000,3.7,53,187,2.4,87.3,25,37,126,3.2,50,32.6,95.4,49.4
23189,6E,3min,opposite_level,2.1086,0.833,4725,2024-04-29,4.8,23,4.8,23,5.3,23,5.3,23,5.3,23,1000,5.3,23,187,3.2,93.7,19,26,126,4.5,22,26.5,98.3,49.8
9577,6E,3min,fixed_rr,2.107,0.924,1040,2024-04-29,12.3,39,11.2,39,11.8,38,10.2,39,10.7,46,500,12.3,39,187,17.6,75.2,95,137,125,14.4,47,26.9,53.6,42.0
17103,6E,3min,opposite_level,2.1052,0.908,1946,2024-04-29,5.3,30,5.9,26,6.4,26,6.4,24,6.4,26,1250,6.4,24,187,6.3,90.5,50,71,126,6.4,33,33.2,94.9,49.1
6901,6E,3min,opposite_level,2.0987,0.89,3444,2024-04-29,3.7,58,3.2,26,3.2,26,4.3,26,3.7,18,1250,4.3,26,187,5.6,90.5,78,89,126,4.8,33,33.9,95.9,49.6
31525,6E,5min,fixed_rr,2.0923,0.919,2328,2024-04-29,12.8,37,11.2,26,9.1,22,7.0,19,5.9,15,500,12.8,37,187,6.3,92.1,36,75,126,10.2,36,25.2,6.5,24.7
23311,6E,3min,fixed_rr,2.0897,0.98,1840,2024-04-29,18.2,39,13.4,29,14.4,24,11.2,24,11.8,24,500,18.2,39,187,11.1,87.3,22,46,126,15.3,36,27.5,12.9,30.5
1869,6E,5min,opposite_level,2.0856,0.897,2347,2024-04-29,2.7,32,2.7,32,1.6,32,1.6,32,1.6,32,500,2.7,32,187,0.0,96.0,,,126,1.6,32,31.9,85.0,47.2
26211,6E,3min,reversal_to_open,2.0849,0.879,2881,2024-04-29,9.1,37,10.2,40,10.2,37,11.2,40,11.8,40,1500,11.8,40,187,0.8,97.6,16,16,126,7.3,37,29.7,98.4,49.8
17275,6E,5min,opposite_level,2.0706,0.895,1966,2024-04-29,7.0,18,7.5,25,7.0,24,5.9,23,5.9,24,750,7.5,25,187,3.2,95.2,24,33,125,5.8,24,30.1,79.9,46.9
3513,6E,3min,opposite_level,2.0682,0.914,3213,2024-04-29,13.9,40,16.0,32,12.8,25,13.4,23,13.4,23,750,16.0,32,187,4.8,93.7,18,32,126,11.5,25,37.7,69.6,44.6
21997,6E,3min,fixed_rr,2.0607,0.872,3136,2024-04-29,14.4,17,15.0,17,12.8,16,12.8,16,12.8,16,750,15.0,17,187,3.2,95.2,17,30,126,10.2,17,43.1,68.0,45.1
18509,6E,3min,opposite_level,2.0535,0.865,5645,2024-04-29,4.3,10,3.7,12,4.3,12,5.3,15,5.9,12,1500,5.9,12,187,0.8,95.2,12,12,126,3.8,12,36.1,97.3,49.6
22383,6E,3min,opposite_level,2.0535,0.903,1722,2024-04-29,14.4,44,11.2,33,9.6,32,10.2,32,10.2,38,500,14.4,44,187,1.6,95.2,26,26,126,9.3,40,16.3,24.3,34.3
30063,6E,3min,reversal_to_open,2.0527,0.902,1643,2024-04-29,7.5,130,6.4,37,5.3,33,5.3,33,5.3,30,500,7.5,130,187,1.6,95.2,23,23,126,5.1,44,24.0,69.9,44.4
1155,6E,3min,opposite_level,2.0474,0.894,693,2024-04-29,2.7,225,2.7,92,0.5,73,1.6,85,2.1,99,750,2.7,92,187,15.9,79.4,57,87,126,8.0,59,8.6,68.4,44.9
15871,6E,5min,opposite_level,2.0433,0.962,974,2024-04-29,19.3,78,19.3,60,17.6,53,17.6,53,18.7,53,750,19.3,60,187,0.0,83.3,,,126,11.5,60,35.1,75.2,46.1
26639,6E,5min,fixed_rr,2.0432,0.939,740,2024-04-29,24.1,75,17.1,66,12.8,52,10.7,45,10.7,45,500,24.1,75,187,10.3,72.2,417,459,126,18.5,95,24.0,1.1,21.6
21151,6E,5min,reversal_to_open,2.0378,0.957,1403,2024-04-29,11.8,88,11.2,88,10.2,82,11.2,82,11.2,82,500,11.8,88,187,0.0,93.7,,,126,7.0,88,28.8,86.1,47.7
22757,6E,5min,opposite_level,2.0336,0.853,2878,2024-04-29,3.7,17,4.8,17,4.3,17,4.3,17,4.3,18,750,4.8,17,187,0.8,96.0,30,30,126,3.2,22,29.7,91.0,48.8
14863,6E,5min,opposite_level,2.0324,0.884,1692,2024-04-29,4.3,46,4.8,53,4.8,46,3.7,24,3.7,24,1000,4.8,46,187,4.0,94.4,19,80,126,4.5,26,32.9,82.6,47.4
3447,6E,3min,reversal_to_open,2.0318,0.96,1456,2024-04-29,3.7,80,2.7,236,3.2,236,3.2,236,3.2,236,500,3.7,80,187,2.4,90.5,19,45,126,3.2,60,30.7,90.2,48.4
17271,6E,3min,opposite_level,2.0271,0.901,4167,2024-04-29,1.6,23,2.1,29,2.1,30,1.6,25,1.1,29,750,2.1,29,187,2.4,95.2,18,36,126,2.2,23,32.6,90.6,48.6
28245,6E,5min,reversal_to_open,2.0262,0.933,857,2024-04-29,16.0,52,19.8,57,19.8,54,19.8,57,18.7,57,1000,19.8,54,187,10.3,86.5,52,92,126,16.0,54,18.8,94.0,49.3
28263,6E,3min,opposite_level,2.0253,0.902,4525,2024-04-29,3.7,29,3.7,15,3.2,15,3.2,15,3.7,12,1500,3.7,12,187,2.4,92.9,12,22,126,3.2,12,29.7,99.0,49.8
20347,6E,3min,reversal_to_open,2.0225,0.86,788,2024-04-29,3.7,171,3.7,145,4.8,93,5.3,145,7.0,178,1500,7.0,178,187,0.0,95.2,,,126,4.2,178,23.0,98.0,49.6
10133,6E,3min,opposite_level,2.019,0.871,3712,2024-04-29,5.3,29,7.0,19,7.5,19,5.9,17,5.3,17,1000,7.5,19,187,0.8,93.7,3,3,126,4.8,19,35.1,97.1,49.7
29977,6E,3min,fixed_rr,2.0151,0.949,917,2024-04-29,15.5,33,13.9,40,12.8,37,11.8,33,12.8,37,500,15.5,33,187,25.4,69.0,50,82,126,19.5,43,3.8,54.1,41.6
33515,6E,3min,reversal_to_open,2.014,0.839,4602,2024-04-29,6.4,24,6.4,19,7.5,23,7.0,19,7.0,19,1000,7.5,23,187,2.4,95.2,116,129,126,5.4,23,27.2,97.5,49.6
4871,6E,3min,opposite_level,2.0134,0.951,673,2024-04-29,20.3,107,21.9,78,19.8,61,19.3,59,18.2,44,750,21.9,78,187,7.1,84.9,50,78,126,16.0,71,14.4,54.1,41.9
9279,6E,3min,opposite_level,1.9975,0.944,667,2024-04-29,4.8,116,4.8,89,3.7,68,3.7,68,3.7,68,750,4.8,89,187,4.0,86.5,54,75,126,4.5,68,33.9,90.0,48.5
3997,6E,5min,fixed_rr,1.9966,0.987,1191,2024-04-29,14.4,38,15.5,33,15.5,39,14.4,40,13.9,47,750,15.5,33,187,3.2,94.4,73,81,126,10.5,38,32.9,85.5,47.9
29701,6E,5min,reversal_to_open,1.9942,1.022,814,2024-04-29,13.9,92,12.8,75,13.4,61,13.9,53,15.5,53,1500,15.5,53,187,10.3,83.3,66,134,126,13.4,54,25.2,92.4,49.0
32063,6E,3min,opposite_level,1.9929,0.867,2616,2024-04-29,3.7,58,4.3,58,5.9,51,5.9,44,5.9,44,1250,5.9,44,187,1.6,96.8,15,15,126,4.2,37,29.4,98.8,49.8
1,6E,5min,reversal_to_open,1.9752,0.857,2649,2024-04-29,7.5,23,7.5,23,7.0,23,7.0,23,7.0,23,500,7.5,23,187,4.8,91.3,40,61,126,6.4,24,26.2,70.8,46.1
31935,6E,3min,opposite_level,1.9736,0.919,703,2024-04-29,10.7,130,13.9,51,12.3,67,11.8,58,13.4,92,750,13.9,51,187,6.3,87.3,124,149,126,10.9,67,34.2,43.4,39.5
13579,6E,5min,opposite_level,1.971,0.843,2271,2024-04-29,7.5,44,4.8,16,4.3,18,3.2,16,4.3,18,500,7.5,44,187,4.8,86.5,16,36,126,6.4,36,34.5,66.5,45.2
4061,6E,5min,opposite_level,1.9681,0.921,1754,2024-04-29,7.5,54,11.8,52,10.7,38,9.1,33,9.1,33,750,11.8,52,187,4.0,91.3,29,68,126,8.6,38,33.9,87.3,47.9
23779,6JT,5min,fixed_rr,1.9671,0.877,1139,2024-04-30,20.7,38,19.1,45,18.6,50,18.6,50,18.6,50,500,20.7,38,188,0.0,96.8,,,125,12.5,38,10.2,80.6,4.7
26213,6E,3min,opposite_level,1.9665,0.908,622,2024-04-29,13.4,51,12.3,44,10.7,51,9.6,57,9.6,54,500,13.4,51,187,3.2,93.6,36,57,125,9.3,50,18.3,38.6,38.0
2835,6E,5min,fixed_rr,1.9637,0.838,3220,2024-04-29,13.9,26,12.3,25,11.8,25,11.8,25,11.8,25,500,13.9,26,187,0.8,95.2,10,10,126,8.6,24,34.8,87.4,48.0
20143,6E,3min,opposite_level,1.9617,0.934,883,2024-04-29,0.0,,0.0,,0.0,,0.0,,0.0,,500,0.0,,187,0.0,92.9,,,126,0.0,,32.3,95.8,49.4
12971,6E,5min,reversal_to_open,1.9601,0.953,1285,2024-04-29,14.4,67,15.0,61,15.0,64,14.4,64,13.9,64,750,15.0,61,187,7.9,88.9,59,165,126,12.1,61,33.5,90.7,48.7
33563,6E,3min,opposite_level,1.9593,0.902,1894,2024-04-29,7.5,24,10.2,24,9.1,29,8.0,26,9.1,26,750,10.2,24,187,10.3,84.9,43,86,126,10.2,37,34.2,71.9,45.5
19207,6E,3min,opposite_level,1.9572,0.961,611,2024-04-29,10.2,81,14.4,44,15.0,36,16.0,65,17.1,60,1500,17.1,60,187,14.3,79.4,73,149,126,16.0,60,41.5,80.0,47.3
14037,6E,3min,opposite_level,1.9552,0.952,896,2024-04-29,0.0,,0.0,,2.2,421,3.8,428,4.9,421,1500,4.9,421,185,0.0,81.7,,,126,2.9,421,42.1,99.7,50.0
4817,6E,3min,fixed_rr,1.9552,1.004,1126,2024-04-29,26.7,52,25.1,45,24.6,43,24.6,45,17.6,40,500,26.7,52,187,7.9,87.3,124,159,126,19.2,59,0.6,29.3,36.1
7419,6E,5min,opposite_level,1.95,1.007,831,2024-04-29,6.4,176,7.5,136,5.9,36,7.0,36,7.0,33,750,7.5,136,187,0.8,92.9,40,40,126,4.8,57,35.1,82.7,47.4
21007,6E,3min,fixed_rr,1.9461,0.905,1468,2024-04-29,17.6,71,12.3,37,11.2,24,10.7,30,9.6,24,500,17.6,71,187,6.3,89.7,29,45,126,13.1,57,14.7,15.7,30.9
30643,6E,3min,reversal_to_open,1.9444,0.999,1698,2024-04-29,2.7,144,2.7,144,2.7,144,3.8,137,4.3,137,1500,4.3,137,186,10.3,77.0,52,75,126,6.7,52,32.7,99.5,49.9
11327,6E,3min,fixed_rr,1.9444,0.875,1107,2024-04-29,11.8,46,9.6,39,8.6,39,8.6,39,8.0,39,500,11.8,46,187,7.1,87.3,46,67,126,9.9,46,23.3,74.2,45.6
4949,6E,3min,fixed_rr,1.9437,0.977,1135,2024-04-29,10.7,50,12.8,43,13.9,47,10.7,36,9.6,33,1000,13.9,47,187,15.1,81.7,50,157,126,14.4,47,41.2,77.1,46.0
12685,6E,5min,opposite_level,1.9434,1.06,898,2024-04-29,17.6,169,19.3,108,15.5,78,12.3,59,11.8,59,750,19.3,108,187,0.0,93.6,,,125,11.5,108,34.6,84.1,47.7
14027,6E,3min,opposite_level,1.9383,0.905,1728,2024-04-29,7.0,24,6.4,23,5.3,19,5.3,19,5.3,19,500,7.0,24,187,2.4,94.4,80,88,126,5.1,47,32.3,68.3,44.8
4047,6JT,5min,fixed_rr,1.9314,0.924,899,2024-04-30,24.1,355,25.1,341,25.7,310,25.7,296,25.7,296,1250,25.7,296,187,7.2,88.0,52,178,125,18.3,170,38.1,98.8,5.0
4109,6E,5min,reversal_to_open,1.9299,0.92,969,2024-04-29,4.3,157,11.2,96,16.0,103,12.3,82,10.7,89,1000,16.0,103,187,1.6,93.7,64,64,126,10.2,100,26.2,83.2,47.5
2837,6E,3min,opposite_level,1.9299,0.862,4766,2024-04-29,12.8,16,12.3,15,12.3,15,12.3,15,12.3,15,500,12.8,16,187,4.0,93.7,11,16,126,9.3,15,39.0,72.1,46.2
13203,6E,5min,opposite_level,1.9289,0.832,2761,2024-04-29,10.7,38,13.4,24,14.4,19,12.8,19,14.4,19,1000,14.4,19,187,3.2,93.7,47,85,126,9.9,19,28.8,49.8,40.6
20131,6E,5min,opposite_level,1.9279,0.9,2757,2024-04-29,8.6,43,13.9,23,11.8,19,11.8,19,11.8,16,750,13.9,23,187,9.5,87.3,22,54,126,12.1,23,27.8,18.9,31.7
24201,6E,3min,reversal_to_open,1.9268,0.862,2175,2024-04-29,1.6,17,2.1,17,2.1,17,2.1,17,2.1,17,750,2.1,17,187,0.0,96.8,,,126,1.3,17,25.9,89.1,48.3
2087,6E,5min,fixed_rr,1.9268,0.901,1215,2024-04-29,5.9,94,9.6,61,11.2,44,7.0,31,8.0,31,1000,11.2,44,187,11.1,81.7,54,75,126,11.2,53,35.1,53.2,42.5
5221,6E,3min,opposite_level,1.9227,0.857,1231,2024-04-29,0.0,,0.0,,0.0,,0.0,,0.0,,500,0.0,,187,4.8,83.3,297,318,126,1.9,297,39.0,94.9,49.3
29159,6E,3min,fixed_rr,1.9144,0.976,720,2024-04-29,25.1,124,16.6,106,12.3,96,11.8,92,11.8,92,500,25.1,124,187,15.2,79.2,94,158,125,21.2,109,31.7,62.1,43.7
26143,6E,5min,fixed_rr,1.9077,1.092,630,2024-04-29,21.4,110,13.9,93,16.0,87,12.3,57,13.4,87,500,21.4,110,187,0.0,86.5,,,126,12.8,110,32.6,19.0,31.2
28963,6E,3min,opposite_level,1.9064,0.879,4178,2024-04-29,8.0,25,6.4,23,5.9,18,5.3,18,6.4,18,500,8.0,25,187,4.0,93.7,12,39,126,6.4,25,34.2,50.1,41.2
14167,6E,3min,opposite_level,1.9047,1.059,749,2024-04-29,3.7,87,3.7,80,4.3,81,4.3,81,4.3,81,1000,4.3,81,187,7.1,86.5,72,233,126,5.4,80,34.8,97.2,49.6
3837,6E,3min,opposite_level,1.9022,1.037,723,2024-04-29,6.4,171,6.4,200,5.9,200,4.8,221,4.3,221,500,6.4,171,187,0.0,92.9,,,126,3.8,171,32.3,92.0,48.8
5863,6E,3min,reversal_to_open,1.902,0.914,1698,2024-04-29,7.5,51,9.1,51,10.7,44,10.7,39,10.7,38,1500,10.7,38,187,1.6,95.2,16,16,126,7.0,37,27.8,98.6,49.9
32655,6E,3min,opposite_level,1.8997,0.874,3409,2024-04-29,1.1,37,1.1,31,1.1,31,1.6,25,2.1,25,1500,2.1,25,187,0.8,96.8,10,10,126,1.6,18,30.7,99.4,50.0
21157,6E,5min,opposite_level,1.8994,0.872,1239,2024-04-29,9.1,38,10.2,37,11.8,40,11.8,40,11.8,40,1000,11.8,40,187,1.6,95.2,43,43,126,7.7,40,18.5,98.4,49.8
2503,6E,5min,opposite_level,1.896,0.894,2102,2024-04-29,12.3,17,11.2,17,10.7,17,11.2,19,11.2,17,500,12.3,17,187,6.3,91.3,45,158,126,9.9,22,34.8,34.1,36.8
26395,6E,5min,opposite_level,1.8947,0.998,1277,2024-04-29,9.6,33,8.0,33,9.1,33,9.1,33,9.1,33,500,9.6,33,187,11.1,81.7,80,137,126,10.2,39,34.2,71.5,45.3
6301,6E,5min,opposite_level,1.894,0.866,900,2024-04-29,7.5,32,11.2,32,13.4,30,12.8,25,12.8,24,1000,13.4,30,187,4.8,92.1,65,78,126,9.9,32,28.4,51.6,41.5
27463,6E,5min,opposite_level,1.893,0.977,697,2024-04-29,1.1,99,1.1,86,1.6,44,1.6,44,1.6,44,1000,1.6,44,186,10.3,83.3,113,141,126,5.1,108,37.2,89.7,48.5
11063,6E,3min,opposite_level,1.8918,0.926,1553,2024-04-29,11.2,40,11.8,37,10.7,31,9.6,26,10.2,26,750,11.8,37,187,1.6,92.9,26,26,126,7.7,26,31.6,86.5,48.2
15825,6E,5min,reversal_to_open,1.8848,0.855,2245,2024-04-29,12.8,58,13.4,40,12.3,38,11.2,31,10.2,38,750,13.4,40,187,1.6,95.2,37,37,126,8.6,38,34.2,87.2,48.2
11733,6E,3min,opposite_level,1.8822,0.902,3538,2024-04-29,10.2,19,8.6,16,7.5,16,7.5,16,7.5,16,500,10.2,19,187,5.6,88.9,17,47,126,8.3,19,32.9,55.8,42.2
20915,6E,5min,opposite_level,1.8803,0.923,1431,2024-04-29,6.4,80,7.5,80,8.6,79,8.6,87,8.0,80,1000,8.6,79,187,0.0,96.8,,,126,5.1,79,31.0,88.1,48.2
4093,6E,3min,opposite_level,1.8789,0.909,1621,2024-04-29,3.7,96,3.7,103,3.7,155,3.7,155,3.7,155,500,3.7,96,187,4.8,89.7,68,82,126,4.2,75,32.6,86.0,47.9
7475,6E,3min,opposite_level,1.8764,0.886,1445,2024-04-29,3.7,17,4.8,23,5.3,24,5.9,24,5.9,24,1250,5.9,24,187,2.4,92.1,79,82,126,4.5,44,33.5,97.2,49.7
19171,6E,3min,fixed_rr,1.8735,0.865,1050,2024-04-29,8.6,51,10.7,38,11.8,31,12.8,31,11.8,31,1250,12.8,31,187,4.0,91.3,44,51,126,9.3,32,0.0,92.7,49.0
8699,6E,3min,opposite_level,1.8727,0.902,1233,2024-04-29,0.5,54,0.0,,0.0,,0.5,33,0.5,156,1250,0.5,33,187,3.2,91.3,32,43,126,1.6,32,32.9,98.5,49.8
4967,6E,5min,opposite_level,1.8701,1.048,689,2024-04-29,7.5,54,9.1,54,12.4,61,11.8,61,11.3,61,1000,12.4,61,186,5.6,88.1,106,141,126,9.6,75,37.2,95.9,49.6
6115,6E,5min,reversal_to_open,1.8605,0.916,933,2024-04-29,15.5,80,19.8,73,18.7,67,19.8,64,19.8,61,1500,19.8,61,187,13.5,83.3,51,128,126,17.3,58,31.6,98.8,49.9
22209,6E,3min,fixed_rr,1.8554,1.003,882,2024-04-29,20.3,61,21.9,50,21.4,50,20.3,54,21.4,50,750,21.9,50,187,20.8,75.2,40,71,125,21.5,50,25.3,47.1,39.8
29843,6E,3min,opposite_level,1.8457,0.874,2129,2024-04-29,9.1,45,9.1,45,9.1,45,9.1,45,9.1,45,500,9.1,45,187,5.6,91.3,43,71,126,7.7,45,36.4,90.7,48.7
17339,6E,3min,opposite_level,1.8457,0.924,2948,2024-04-29,8.6,22,7.0,17,7.5,22,7.0,22,7.0,23,500,8.6,22,187,3.2,94.4,19,24,126,6.4,19,31.3,58.5,43.3
18987,6E,5min,reversal_to_open,1.8409,0.881,1528,2024-04-29,10.2,78,12.8,64,11.8,50,12.3,50,11.2,45,750,12.8,64,187,1.6,94.4,37,37,126,8.3,64,23.3,81.8,47.2
20037,6E,5min,fixed_rr,1.8393,0.891,1825,2024-04-29,12.3,38,13.9,31,13.4,24,14.4,24,14.4,18,1500,14.4,18,187,19.0,77.8,22,33,126,16.3,19,33.5,83.3,47.6
31369,6E,3min,reversal_to_open,1.8378,0.931,771,2024-04-29,3.7,74,2.7,67,2.7,73,1.6,73,1.1,73,500,3.7,74,187,0.0,91.3,,,126,2.2,74,33.2,88.7,48.3
7399,6E,5min,fixed_rr,1.8377,0.803,1942,2024-04-29,4.8,46,4.8,46,4.8,46,4.8,46,4.3,53,500,4.8,46,187,3.2,92.9,33,53,126,4.2,39,30.7,61.5,43.8
32839,6E,5min,reversal_to_open,1.8369,0.926,1187,2024-04-29,13.4,44,9.6,37,10.2,36,10.2,36,10.7,37,500,13.4,44,187,2.4,90.5,23,30,126,8.9,43,27.8,65.8,44.3
30983,6E,3min,reversal_to_open,1.8367,0.835,2744,2024-04-29,6.4,38,6.4,94,8.6,101,8.6,101,8.0,101,1000,8.6,101,187,3.2,94.4,30,122,126,6.4,94,32.3,96.8,49.5
15893,6E,5min,opposite_level,1.834,0.897,4582,2024-04-29,5.3,43,4.8,43,2.7,40,2.7,40,3.7,24,500,5.3,43,187,4.0,92.9,12,36,126,4.8,24,38.0,56.4,43.1
11029,6E,5min,opposite_level,1.8304,0.79,4445,2024-04-29,4.3,15,4.3,11,3.7,11,3.7,12,3.7,15,750,4.3,11,187,2.4,96.0,8,12,126,3.5,9,38.0,77.2,46.8
27583,6E,3min,opposite_level,1.829,0.813,3878,2024-04-29,6.4,18,7.0,15,7.5,16,7.5,16,8.0,16,1500,8.0,16,187,2.4,95.2,12,12,126,5.8,12,35.8,92.8,49.0
2597,6JT,5min,fixed_rr,1.8233,0.965,814,2024-04-30,28.2,148,23.9,156,18.1,133,18.1,133,18.1,133,500,28.2,148,188,8.8,84.8,91,127,125,20.4,133,13.7,86.7,4.8
22319,6E,5min,reversal_to_open,1.8199,0.85,2681,2024-04-29,6.4,18,5.9,17,6.4,29,5.3,59,5.3,59,500,6.4,18,187,0.8,97.6,18,18,126,4.2,18,21.7,64.1,43.5
17355,6E,3min,reversal_to_open,1.8188,0.881,953,2024-04-29,4.3,47,5.9,29,4.8,26,4.8,26,5.9,31,750,5.9,29,187,10.3,75.4,72,211,126,7.7,45,37.4,93.5,49.2
31013,6E,3min,reversal_to_open,1.8146,0.818,2685,2024-04-29,4.3,58,3.7,58,3.2,57,3.2,57,2.7,44,500,4.3,58,187,1.6,92.9,16,16,126,3.2,43,28.8,80.9,47.0
31185,6E,3min,opposite_level,1.8136,0.864,837,2024-04-29,0.0,,0.0,,0.0,,0.0,,0.0,,500,0.0,,186,0.0,94.4,,,126,0.0,,31.7,91.4,48.6
14065,6E,5min,opposite_level,1.8095,0.837,1573,2024-04-29,12.8,37,11.2,30,11.8,26,11.8,26,11.8,26,500,12.8,37,187,2.4,92.9,45,51,126,8.6,37,11.5,42.5,40.8
8197,6E,5min,opposite_level,1.809,1.066,633,2024-04-29,25.3,87,24.7,66,21.5,64,22.6,59,22.6,59,500,25.3,87,186,13.6,84.0,44,150,125,20.6,86,33.4,47.6,39.9
2577,6E,3min,opposite_level,1.7955,0.879,1299,2024-04-29,7.0,26,8.6,33,8.6,26,8.6,26,9.1,26,1500,9.1,26,187,15.1,79.4,67,114,126,11.5,40,34.2,90.9,48.4
8751,6E,3min,opposite_level,1.7951,0.869,1913,2024-04-29,7.0,23,7.0,22,7.0,22,7.0,22,7.0,22,750,7.0,22,187,1.6,93.7,81,81,126,4.8,22,29.4,88.6,48.3
11413,6E,3min,opposite_level,1.7879,0.823,9888,2024-04-29,4.3,15,4.3,15,4.3,15,4.3,15,4.3,15,500,4.3,15,187,2.4,96.8,18,25,126,3.5,15,25.9,85.6,48.0
10489,6E,3min,opposite_level,1.7875,0.918,1589,2024-04-29,8.6,24,7.5,22,9.6,33,9.6,33,9.6,38,1000,9.6,33,187,12.7,84.9,60,106,126,10.9,43,39.0,86.8,48.1
4785,6E,3min,opposite_level,1.7767,0.835,1937,2024-04-29,9.1,31,8.0,45,8.6,45,9.1,37,9.1,31,500,9.1,31,187,0.8,96.8,43,43,126,5.8,32,23.0,78.5,46.4
8235,6E,3min,opposite_level,1.7719,0.938,1133,2024-04-29,5.3,183,4.8,152,3.7,145,3.7,145,3.7,145,500,5.3,183,187,4.0,88.9,46,218,126,4.8,169,42.5,66.6,44.5
4453,6E,3min,opposite_level,1.7667,0.879,1881,2024-04-29,8.6,19,8.6,24,7.5,19,7.0,18,6.4,18,500,8.6,19,187,2.4,92.1,29,36,126,6.1,19,29.4,73.6,45.8
4299,6E,3min,opposite_level,1.7561,0.932,1993,2024-04-29,5.3,47,5.9,38,5.9,38,6.4,47,5.3,52,1250,6.4,47,187,0.0,94.4,,,126,3.8,47,32.3,97.6,49.7
28007,6JT,5min,fixed_rr,1.6936,0.829,1130,2024-04-30,5.3,64,10.1,78,11.2,87,11.7,108,10.6,115,1250,11.7,108,188,0.0,90.4,,,125,7.0,108,13.7,92.9,4.9
7807,6JT,5min,fixed_rr,1.654,0.848,804,2024-04-30,8.0,114,7.4,166,7.4,166,7.4,166,7.4,166,500,8.0,114,188,5.6,84.8,54,86,125,7.0,93,11.8,82.2,4.7
23315,6JT,3min,fixed_rr,1.5331,0.91,946,2024-04-30,19.1,135,19.7,128,21.3,135,23.9,149,23.9,149,1250,23.9,149,188,4.0,77.6,115,129,125,16.0,135,29.7,98.8,5.0
18659,6JT,5min,opposite_level,1.476,0.818,1022,2024-04-30,11.2,103,11.2,100,10.1,107,10.1,107,10.1,117,750,11.2,100,188,2.4,91.2,16,29,125,7.7,100,12.8,96.7,4.9
27227,6JT,3min,fixed_rr,1.4753,0.892,1154,2024-04-30,16.5,52,17.6,51,17.6,51,18.6,50,18.6,45,1500,18.6,45,188,0.0,97.6,,,125,11.2,45,12.1,98.0,5.0
18361,6JT,5min,reversal_to_open,1.4667,0.792,1143,2024-04-30,6.9,143,5.9,122,4.8,101,4.8,101,4.3,108,500,6.9,143,188,0.8,93.6,51,51,125,4.5,143,14.7,83.6,4.7
28511,6JT,5min,opposite_level,1.4654,0.918,1034,2024-04-30,9.6,101,7.4,101,6.9,47,6.9,47,6.9,47,500,9.6,101,188,0.0,93.6,,,125,5.8,101,33.2,82.6,4.7
17783,6JT,3min,opposite_level,1.4116,0.981,725,2024-04-30,11.2,178,17.6,156,33.0,178,30.3,178,34.6,178,1500,34.6,178,188,5.6,71.2,36,140,125,23.0,164,28.1,95.0,4.9
31643,6JT,3min,fixed_rr,1.3909,0.821,994,2024-04-30,10.1,80,7.4,65,10.1,57,9.0,50,9.0,50,1000,10.1,57,188,0.0,92.0,,,125,6.1,57,26.5,95.0,4.9
25449,6JT,3min,fixed_rr,1.3908,0.818,825,2024-04-30,6.9,66,6.4,44,5.3,37,5.3,37,3.7,38,500,6.9,66,188,12.0,81.6,180,239,125,8.9,127,8.3,77.8,4.5
6021,6JT,5min,fixed_rr,1.3658,0.885,876,2024-04-30,12.2,44,12.2,86,11.7,86,11.7,86,12.2,79,500,12.2,44,188,6.4,91.2,44,65,125,9.9,44,3.5,86.1,4.8
33417,6JT,5min,opposite_level,1.3004,0.976,719,2024-04-30,25.5,247,23.4,213,23.9,198,23.4,213,23.4,240,500,25.5,247,188,10.4,70.4,250,292,125,19.5,247,30.0,82.8,4.7
21815,6JT,5min,fixed_rr,1.2974,0.781,951,2024-04-30,13.3,65,12.8,72,13.3,65,13.3,65,13.3,59,1500,13.3,59,188,0.0,89.6,,,125,8.0,59,13.1,100.0,5.0
3495,6JT,3min,fixed_rr,1.2831,0.724,937,2024-04-30,12.2,81,9.6,74,6.9,59,4.8,44,4.8,44,500,12.2,81,188,4.0,86.4,30,35,125,8.9,74,0.3,71.6,4.5
9481,6JT,5min,opposite_level,1.2805,0.741,1075,2024-04-30,4.8,71,8.5,86,9.6,79,10.1,79,10.1,72,1500,10.1,72,188,0.8,92.8,23,23,125,6.4,72,21.7,98.0,5.0
11069,6JT,5min,opposite_level,1.2711,0.897,1190,2024-04-30,21.8,109,23.9,74,24.5,72,23.9,67,23.4,71,1000,24.5,72,188,1.6,89.6,80,80,125,15.3,72,16.0,87.8,4.8
28985,6JT,5min,fixed_rr,1.2566,0.796,1121,2024-04-30,6.4,42,5.3,40,6.4,40,6.9,33,6.9,33,1250,6.9,33,188,15.2,70.4,39,110,125,10.2,39,27.8,96.5,4.9
1835,6JT,5min,opposite_level,1.2414,0.781,839,2024-04-30,0.0,,0.0,,0.0,,0.0,,0.0,,500,0.0,,188,0.0,88.8,,,125,0.0,,2.2,97.7,5.0
15781,6JT,3min,fixed_rr,1.2412,0.813,718,2024-04-30,4.3,66,4.3,68,4.3,68,4.8,59,4.8,59,1250,4.8,59,188,0.0,84.7,,,124,2.9,59,17.0,97.2,4.9
3717,6JT,5min,opposite_level,1.2352,0.8,1117,2024-04-30,8.5,138,11.2,89,10.6,89,11.2,89,12.8,82,1500,12.8,82,188,0.0,72.0,,,125,7.7,82,27.2,99.2,5.0
15731,6JT,5min,reversal_to_open,1.2321,0.841,710,2024-04-30,2.7,105,3.2,119,0.0,,0.0,,0.0,,750,3.2,119,188,0.0,84.0,,,125,1.9,119,6.1,96.6,4.9
25553,6JT,5min,opposite_level,1.2127,0.88,731,2024-04-30,0.0,,0.0,,0.0,,0.0,,0.0,,500,0.0,,188,0.0,91.2,,,125,0.0,,20.4,98.4,5.0
32265,6JT,5min,reversal_to_open,1.2124,0.77,734,2024-04-30,0.0,,1.1,213,1.6,198,1.6,196,1.6,196,1250,1.6,196,188,0.0,88.8,,,125,1.0,196,7.3,99.7,5.0
30473,6JT,5min,opposite_level,1.2014,0.78,843,2024-04-30,8.0,78,7.4,64,6.9,52,6.4,52,6.4,52,500,8.0,78,188,13.6,76.8,127,177,125,10.2,114,11.8,77.6,4.6
17039,6JT,5min,reversal_to_open,1.1777,0.737,956,2024-04-30,11.2,163,6.4,156,7.4,150,7.4,147,7.4,147,500,11.2,163,188,0.0,86.4,,,125,6.7,163,8.6,95.7,4.9
6951,6JT,5min,reversal_to_open,1.1355,0.786,1022,2024-04-30,21.8,110,24.5,113,23.4,109,23.4,110,22.9,113,750,24.5,113,188,0.0,92.8,,,125,14.7,113,13.7,94.9,4.9
8927,6JT,3min,fixed_rr,1.092,0.816,802,2024-04-30,3.2,63,6.9,70,13.8,147,11.7,154,8.0,179,1000,13.8,147,188,7.3,87.1,207,235,124,11.2,147,42.0,86.5,4.8
26263,6JT,5min,opposite_level,1.0895,0.838,849,2024-04-30,8.0,64,10.1,59,10.6,67,10.6,67,10.1,65,1000,10.6,67,188,7.2,86.4,43,64,125,9.3,51,20.8,97.6,5.0
17515,6JT,5min,reversal_to_open,1.0875,0.717,774,2024-04-30,0.0,,0.0,,0.0,,0.0,,0.0,,500,0.0,,188,0.0,82.4,,,125,0.0,,8.3,95.0,4.9
24191,6JT,3min,fixed_rr,1.079,0.723,734,2024-04-30,11.2,204,16.5,171,16.0,171,16.0,171,16.0,171,750,16.5,171,188,9.6,83.2,65,102,125,13.7,113,9.6,86.9,4.8
12075,6JT,5min,fixed_rr,1.0764,0.83,952,2024-04-30,1.6,56,3.7,63,5.9,107,5.9,91,5.9,91,1250,5.9,91,188,11.2,82.4,133,168,125,8.0,107,32.9,98.6,5.0
29281,6JT,5min,opposite_level,1.0634,0.777,931,2024-04-30,6.4,207,9.0,228,10.1,228,10.1,228,10.1,228,1000,10.1,228,188,20.0,64.0,148,213,125,14.1,193,29.1,98.1,5.0
14525,6JT,5min,fixed_rr,1.0633,0.82,1191,2024-04-30,15.4,40,14.4,33,13.3,32,13.8,33,13.8,33,500,15.4,40,188,0.8,92.8,22,22,125,9.6,40,10.2,71.6,4.5
29797,6JT,5min,opposite_level,1.0577,0.742,1276,2024-04-30,10.1,85,11.7,92,13.8,78,13.8,78,13.8,78,1000,13.8,78,188,0.8,96.8,17,17,125,8.6,78,21.1,98.8,5.0
16259,6JT,5min,opposite_level,1.0451,0.79,750,2024-04-30,9.6,185,11.2,150,10.1,100,10.1,100,10.1,100,750,11.2,150,188,0.8,68.0,119,119,125,7.0,150,19.8,76.1,4.6
22843,6JT,5min,opposite_level,1.0397,0.755,636,2024-04-30,15.4,227,11.7,241,12.2,215,19.7,175,16.0,136,1250,19.7,175,188,2.4,91.9,190,197,124,12.8,185,31.7,91.2,4.9
30201,6JT,5min,fixed_rr,1.0386,0.796,816,2024-04-30,6.4,78,7.4,73,6.9,59,6.9,59,6.9,59,750,7.4,73,188,1.6,92.0,70,70,125,5.1,72,20.4,93.5,4.9
3323,6JT,5min,opposite_level,1.0369,0.824,740,2024-04-30,1.1,191,1.1,191,1.1,191,1.1,191,1.1,191,500,1.1,191,188,0.0,80.8,,,125,0.6,191,13.1,97.8,5.0
8721,6JT,5min,opposite_level,1.0364,0.806,709,2024-04-30,13.8,152,10.6,163,5.3,103,5.3,103,5.3,103,500,13.8,152,188,4.8,85.6,94,108,125,10.2,142,5.1,93.8,4.9
20045,6JT,5min,reversal_to_open,1.015,0.749,794,2024-04-30,3.2,226,5.9,186,3.2,172,5.3,175,5.3,175,750,5.9,186,188,0.0,86.4,,,125,3.5,186,10.5,97.7,5.0
3217,6JT,3min,fixed_rr,0.9887,0.838,672,2024-04-30,0.0,,0.0,,0.0,,0.0,,0.0,,500,0.0,,187,0.0,82.4,,,125,0.0,,11.2,42.4,3.8
21525,6JT,5min,fixed_rr,0.9596,0.788,1064,2024-04-30,12.2,164,6.9,68,6.4,73,6.9,73,6.4,85,500,12.2,164,188,9.8,87.0,51,81,123,11.3,108,19.0,76.5,4.6
29777,6JT,5min,opposite_level,0.9564,0.68,977,2024-04-30,0.5,254,1.1,114,0.0,,1.1,114,1.1,114,750,1.1,114,188,16.9,75.0,99,211,124,7.4,107,19.9,63.8,4.3
18771,6JT,3min,fixed_rr,0.9479,0.859,2457,2024-04-30,16.0,26,17.0,26,15.4,24,14.9,24,14.9,24,750,17.0,26,188,4.8,92.8,19,23,125,12.1,23,31.0,87.1,4.8
11093,6JT,5min,reversal_to_open,0.9446,0.794,740,2024-04-30,0.0,,0.0,,0.0,,0.0,,0.0,,500,0.0,,188,0.0,92.0,,,125,0.0,,14.1,97.4,5.0
27877,6JT,5min,opposite_level,0.9425,0.813,678,2024-04-30,0.0,,0.0,,0.0,,0.0,,0.0,,500,0.0,,188,0.0,94.4,,,125,0.0,,29.7,95.9,4.9
2911,6JT,5min,opposite_level,0.9344,0.749,769,2024-04-30,0.0,,0.0,,0.0,,0.0,,0.0,,500,0.0,,187,16.0,71.2,93,149,125,6.4,93,17.0,87.3,4.8
21453,6JT,5min,fixed_rr,0.9208,0.769,1064,2024-04-30,3.7,39,3.2,58,3.7,58,3.7,58,2.1,39,500,3.7,39,188,10.4,84.8,44,113,125,6.4,44,27.8,70.7,4.4
29413,6JT,5min,opposite_level,0.9203,0.786,1445,2024-04-30,8.0,53,6.9,74,4.3,72,2.1,37,2.1,37,500,8.0,53,188,0.0,93.6,,,125,4.8,53,22.4,91.8,4.8
29387,6JT,5min,opposite_level,0.9143,0.777,843,2024-04-30,6.9,115,4.3,80,4.8,73,5.3,73,5.3,73,500,6.9,115,188,0.0,88.0,,,125,4.2,115,13.4,75.6,4.5
11323,6JT,3min,opposite_level,0.9093,0.599,1069,2024-04-30,1.6,128,5.9,102,6.9,94,6.9,94,6.9,94,1000,6.9,94,188,0.8,95.2,37,37,125,4.5,94,12.8,93.3,4.9
6473,6JT,5min,reversal_to_open,0.9058,0.628,753,2024-04-30,0.0,,0.0,,0.0,,0.0,,0.0,,500,0.0,,188,0.0,82.3,,,124,0.0,,6.1,98.5,5.0
25929,6JT,5min,opposite_level,0.9029,0.812,1135,2024-04-30,1.1,52,1.1,52,1.1,52,1.1,52,0.0,,500,1.1,52,188,5.6,89.6,67,88,125,2.9,60,15.3,72.4,4.5
7111,6JT,5min,opposite_level,0.8934,0.748,701,2024-04-30,1.1,186,1.6,67,2.1,67,1.6,60,1.6,60,1000,2.1,67,188,0.0,83.1,,,124,1.3,67,17.3,96.6,4.9
355,6JT,5min,opposite_level,0.8855,0.855,1104,2024-04-30,8.5,201,9.0,187,9.0,187,9.0,187,9.0,187,750,9.0,187,188,0.8,93.6,178,178,125,5.8,187,24.6,98.6,5.0
10165,6JT,5min,opposite_level,0.8842,0.742,2524,2024-04-30,0.0,,0.0,,0.0,,0.0,,0.0,,500,0.0,,188,0.8,92.8,18,18,125,0.3,18,22.7,98.2,5.0
1827,6JT,5min,reversal_to_open,0.8805,0.729,712,2024-04-30,17.6,137,17.0,115,17.0,115,17.0,115,17.0,115,500,17.6,137,188,0.0,86.4,,,125,10.5,137,0.0,96.1,4.9
33357,6JT,5min,fixed_rr,0.8747,0.825,740,2024-04-30,12.8,72,12.2,50,12.2,50,12.2,50,12.2,50,500,12.8,72,188,9.6,88.0,197,218,125,11.5,79,24.9,51.4,4.0
15125,6JT,5min,opposite_level,0.8728,0.692,1630,2024-04-30,9.0,80,10.6,78,11.2,78,10.6,78,10.1,78,1000,11.2,78,188,4.0,93.6,57,78,125,8.3,64,15.3,92.8,4.9
17611,6JT,5min,opposite_level,0.8646,0.846,1239,2024-04-30,4.8,58,3.2,58,3.2,60,3.2,60,3.2,60,500,4.8,58,188,6.4,84.0,35,140,125,5.4,52,9.6,93.1,4.9
10769,6JT,3min,reversal_to_open,0.8587,0.761,1141,2024-04-30,1.1,184,0.5,184,0.0,,0.0,,0.0,,500,1.1,184,188,0.0,88.8,,,125,0.6,184,9.6,93.8,4.9
26593,6JT,5min,reversal_to_open,0.8512,0.751,1000,2024-04-30,9.0,93,9.6,93,9.6,93,9.6,93,9.6,93,750,9.6,93,188,0.0,97.6,,,125,5.8,93,29.4,92.4,4.8
941,6JT,3min,opposite_level,0.8495,0.79,666,2024-04-30,14.4,101,17.6,75,18.1,80,18.1,80,18.1,80,1000,18.1,80,188,0.0,92.0,,,125,10.9,80,11.5,98.9,5.0
30689,6JT,5min,opposite_level,0.8475,0.835,988,2024-04-30,1.1,96,1.1,68,1.1,68,1.1,68,1.6,53,1500,1.6,53,188,0.8,92.8,24,24,125,1.3,53,26.2,98.9,5.0
31459,6JT,5min,opposite_level,0.8383,0.753,869,2024-04-30,11.2,121,11.2,93,9.6,93,9.0,86,9.0,86,750,11.2,93,188,0.8,88.0,17,17,125,7.0,93,26.5,95.5,4.9
20219,6JT,3min,fixed_rr,0.8343,0.79,1285,2024-04-30,5.9,44,8.5,30,9.0,24,9.0,23,8.5,29,1250,9.0,23,188,0.0,96.0,,,125,5.4,23,17.6,98.1,5.0
33427,6JT,5min,opposite_level,0.8323,0.858,973,2024-04-30,9.0,74,6.9,60,5.9,74,5.3,81,5.3,81,500,9.0,74,188,11.2,79.2,35,49,125,9.9,53,8.9,93.7,4.9
16603,6JT,5min,opposite_level,0.8265,0.854,896,2024-04-30,6.4,162,12.8,124,13.3,117,13.3,117,13.3,117,1000,13.3,117,188,5.6,90.4,37,58,125,10.2,106,15.3,87.4,4.8
31997,6JT,5min,opposite_level,0.8263,0.788,2549,2024-04-30,7.4,45,6.4,57,6.4,51,5.9,51,5.9,57,500,7.4,45,188,3.2,93.6,72,86,125,5.8,45,14.7,77.7,4.6
29021,6JT,5min,fixed_rr,0.8255,0.792,1640,2024-04-30,4.8,29,6.4,31,5.9,25,6.4,26,6.4,26,1250,6.4,26,188,7.2,75.2,18,28,125,6.7,22,23.0,98.8,5.0
4207,6JT,5min,fixed_rr,0.8194,0.774,1932,2024-04-30,2.1,71,7.4,122,6.4,101,4.3,31,4.3,31,750,7.4,122,188,4.0,93.6,32,46,125,6.1,46,18.8,77.7,4.6
12639,6JT,3min,opposite_level,0.8159,0.78,919,2024-04-30,6.9,93,4.3,114,1.6,65,0.0,,0.0,,500,6.9,93,188,0.0,93.6,,,125,4.2,93,16.6,90.3,4.8
3431,6JT,5min,fixed_rr,0.8153,0.785,2400,2024-04-30,6.9,29,7.4,38,7.4,38,7.4,36,7.4,36,1250,7.4,36,188,3.2,94.4,51,65,125,5.8,36,19.2,98.1,5.0
11947,6JT,5min,fixed_rr,0.8112,0.852,718,2024-04-30,2.7,361,6.9,310,1.1,205,0.0,,13.3,305,1500,13.3,305,188,3.2,80.8,64,71,125,9.3,291,25.2,88.0,4.8
12825,6JT,5min,opposite_level,0.8106,0.853,899,2024-04-30,10.7,198,4.8,305,5.3,135,2.1,121,2.1,121,500,10.7,198,187,0.0,96.8,,,125,6.4,198,16.3,77.8,4.6
1959,6JT,5min,fixed_rr,0.808,0.751,1898,2024-04-30,7.4,32,6.9,28,8.5,32,7.4,31,7.4,31,1000,8.5,32,188,1.6,92.0,30,30,125,5.8,31,20.1,80.5,4.7
12471,6JT,5min,fixed_rr,0.8056,0.738,1010,2024-04-30,8.1,86,8.6,79,7.5,79,7.5,79,7.5,79,750,8.6,79,186,21.6,74.4,67,148,125,13.8,73,15.4,75.2,4.6
20833,6JT,5min,fixed_rr,0.8001,0.778,677,2024-04-30,8.5,130,11.2,79,9.0,67,8.5,72,8.5,72,750,11.2,79,188,3.2,84.8,45,59,125,8.0,72,2.2,78.9,4.6
15007,6JT,3min,opposite_level,0.7988,0.695,1597,2024-04-30,5.3,37,6.9,38,6.9,38,6.9,38,6.9,38,750,6.9,38,188,1.6,96.8,30,30,125,4.8,37,21.4,96.3,4.9
16241,6JT,3min,reversal_to_open,0.7951,0.776,1100,2024-04-30,2.7,161,2.7,161,2.1,177,2.1,177,2.1,177,500,2.7,161,188,0.0,88.8,,,125,1.6,161,5.8,93.6,4.9
20739,6JT,3min,fixed_rr,0.7899,0.741,744,2024-04-30,17.6,102,18.1,95,18.1,89,18.1,89,14.9,81,1000,18.1,89,188,0.0,96.8,,,125,10.9,89,0.0,94.9,4.9
30755,6JT,5min,reversal_to_open,0.7888,0.724,810,2024-04-30,17.6,192,13.3,165,13.3,165,13.3,165,13.3,165,500,17.6,192,188,0.0,72.8,,,125,10.5,192,0.3,98.6,5.0
18543,6JT,5min,opposite_level,0.7888,0.757,1474,2024-04-30,18.1,99,18.1,99,18.1,99,18.1,99,18.1,99,500,18.1,99,188,0.0,96.8,,,125,10.9,99,17.3,96.1,4.9
29315,6JT,3min,opposite_level,0.7821,0.722,751,2024-04-30,0.0,,0.0,,0.0,,0.0,,0.0,,500,0.0,,188,0.0,80.0,,,125,0.0,,1.9,97.3,5.0
2041,6JT,5min,fixed_rr,0.7763,0.77,1446,2024-04-30,11.7,165,12.2,162,8.5,162,7.4,166,6.4,173,750,12.2,162,188,6.4,87.2,31,54,125,9.9,134,23.3,70.1,4.5
7779,6JT,5min,fixed_rr,0.7756,0.803,804,2024-04-30,18.1,51,18.6,46,18.1,46,18.6,46,17.0,46,750,18.6,46,188,3.2,88.0,43,50,125,12.5,45,10.9,91.8,4.9
29911,6JT,5min,opposite_level,0.7753,0.746,1225,2024-04-30,9.6,117,7.4,58,6.4,45,6.9,38,6.9,38,500,9.6,117,188,2.4,91.2,122,136,125,6.7,117,16.6,76.1,4.5
14151,6JT,5min,fixed_rr,0.7732,0.776,835,2024-04-30,15.4,81,16.5,86,16.0,81,15.4,74,14.9,74,750,16.5,86,188,2.4,77.6,37,51,125,10.9,81,25.9,82.2,4.7
25007,6JT,5min,fixed_rr,0.7716,0.717,837,2024-04-30,34.6,165,29.8,149,32.4,165,32.4,191,32.4,191,500,34.6,165,188,0.0,88.8,,,125,20.8,165,22.4,92.8,4.9
4733,6JT,5min,fixed_rr,0.7697,0.813,916,2024-04-30,5.3,93,4.3,86,3.2,53,3.2,53,3.2,53,500,5.3,93,188,4.8,88.8,42,58,125,5.1,53,3.8,91.5,4.9
29463,6JT,5min,fixed_rr,0.7688,0.771,659,2024-04-30,5.3,275,6.4,170,9.0,142,9.0,142,9.0,142,1000,9.0,142,188,17.9,81.3,63,128,123,12.5,84,16.7,98.6,5.0
18261,6JT,5min,opposite_level,0.7676,0.863,918,2024-04-30,0.0,,0.5,58,0.5,58,0.5,58,0.5,58,750,0.5,58,188,17.6,76.0,122,351,125,7.3,115,19.2,98.1,5.0
24801,6JT,3min,fixed_rr,0.7669,0.789,3484,2024-04-30,7.4,33,6.9,24,6.9,28,6.4,28,6.4,28,500,7.4,33,188,4.0,96.0,14,28,125,6.1,22,28.4,69.6,4.5
3101,6JT,5min,fixed_rr,0.7661,0.832,1194,2024-04-30,7.4,84,5.9,65,4.8,61,4.8,58,4.8,58,500,7.4,84,188,4.0,93.6,37,45,125,6.1,73,11.2,47.2,4.0
6411,6JT,3min,opposite_level,0.7657,0.757,2386,2024-04-30,6.4,52,6.4,31,4.8,29,4.3,29,4.3,29,750,6.4,31,188,5.6,88.0,28,57,125,6.1,31,19.2,96.1,4.9
29591,6JT,5min,opposite_level,0.7643,0.738,1261,2024-04-30,6.4,200,1.6,203,1.1,288,1.6,204,1.1,287,500,6.4,200,188,1.6,88.8,44,44,125,4.5,199,13.1,92.8,4.9
5157,6JT,3min,reversal_to_open,0.7635,0.715,1005,2024-04-30,3.7,129,5.9,122,3.7,122,3.7,135,3.7,135,750,5.9,122,188,0.0,88.8,,,125,3.5,122,8.0,96.2,4.9
9917,6JT,5min,fixed_rr,0.7627,0.722,1106,2024-04-30,0.0,,8.5,124,12.2,110,10.1,131,7.4,112,1000,12.2,110,188,8.0,86.4,45,75,125,10.5,84,3.5,73.1,4.5
29127,6JT,5min,opposite_level,0.7591,0.754,4315,2024-04-30,12.8,32,13.3,32,12.2,30,12.2,31,12.2,31,750,13.3,32,188,0.0,92.8,,,125,8.0,32,23.6,63.4,4.3
8777,6JT,5min,fixed_rr,0.7565,0.742,1251,2024-04-30,10.6,85,14.4,92,13.3,99,13.3,106,11.2,113,750,14.4,92,188,11.3,79.8,66,106,124,13.1,80,33.7,71.2,4.5
6647,6JT,3min,reversal_to_open,0.7559,0.798,763,2024-04-30,3.7,247,3.2,247,2.1,261,3.2,240,3.2,240,500,3.7,247,188,0.0,84.8,,,125,2.2,247,5.8,94.0,4.9
24111,6JT,5min,fixed_rr,0.7558,0.715,809,2024-04-30,1.1,170,1.1,170,1.1,170,1.6,170,1.6,170,1250,1.6,170,187,0.0,93.6,,,125,1.0,170,9.6,99.0,5.0
27191,6JT,3min,fixed_rr,0.755,0.789,810,2024-04-30,14.4,109,11.2,59,11.8,59,12.3,59,12.8,59,500,14.4,109,187,0.0,92.0,,,125,8.7,109,0.0,65.3,4.4
17873,6JT,5min,fixed_rr,0.755,0.777,793,2024-04-30,1.6,187,1.6,183,3.2,169,4.3,50,4.3,50,1250,4.3,50,188,8.0,67.2,86,114,125,5.8,75,11.2,95.5,4.9
3093,6JT,3min,opposite_level,0.754,0.758,967,2024-04-30,15.4,74,13.8,80,13.8,88,13.3,87,12.2,81,500,15.4,74,188,2.4,88.8,31,38,125,10.2,73,23.3,87.8,4.8
27937,6JT,5min,opposite_level,0.7533,0.696,2914,2024-04-30,10.1,51,9.0,57,9.0,57,9.6,57,7.4,37,500,10.1,51,188,2.4,92.0,15,17,125,7.0,50,19.5,94.1,4.9
23881,6JT,5min,reversal_to_open,0.7531,0.77,1015,2024-04-30,16.5,191,18.1,166,10.1,187,3.2,93,5.3,159,750,18.1,166,188,0.0,90.4,,,125,10.9,166,3.8,96.8,4.9
19873,6JT,5min,fixed_rr,0.7476,0.741,1134,2024-04-30,10.6,88,11.2,100,7.4,88,7.4,88,7.4,88,750,11.2,100,188,0.0,91.2,,,125,6.7,100,8.0,97.9,5.0
8223,6JT,5min,opposite_level,0.7467,0.713,4163,2024-04-30,4.3,17,4.3,17,4.3,17,4.3,17,4.3,17,500,4.3,17,188,0.8,93.6,4,4,125,2.9,16,19.5,95.3,4.9
32767,6JT,5min,opposite_level,0.7463,0.839,1156,2024-04-30,4.8,135,14.4,110,18.1,108,16.0,107,14.9,113,1000,18.1,108,188,0.0,91.2,,,125,10.9,108,4.2,82.4,4.7
26929,6JT,3min,opposite_level,0.7453,0.819,653,2024-04-30,9.0,201,9.0,201,9.0,201,9.0,201,9.0,201,500,9.0,201,188,0.0,97.6,,,125,5.4,201,21.7,93.7,4.9
33345,6JT,3min,fixed_rr,0.7416,0.821,943,2024-04-30,18.1,102,18.6,87,17.0,87,16.0,101,16.5,94,750,18.6,87,188,5.6,80.8,50,67,125,13.4,67,24.9,91.5,4.8
7855,6JT,5min,reversal_to_open,0.7407,0.741,1157,2024-04-30,11.2,93,10.1,105,10.1,102,10.1,102,10.1,102,500,11.2,93,188,0.0,98.4,,,125,6.7,93,21.1,82.9,4.7
18859,6JT,5min,opposite_level,0.7406,0.759,5157,2024-04-30,13.3,24,13.8,29,14.4,22,13.8,22,13.8,24,1000,14.4,22,188,9.6,89.6,33,47,125,12.5,26,31.0,96.1,4.9
25309,6JT,5min,opposite_level,0.7397,0.748,2742,2024-04-30,5.3,38,3.7,31,3.7,31,3.7,31,3.7,31,500,5.3,38,188,0.8,93.6,7,7,125,3.5,38,19.8,93.5,4.9
5041,6JT,5min,opposite_level,0.7395,0.707,1855,2024-04-30,8.0,65,5.9,46,4.3,45,4.3,45,4.3,45,500,8.0,65,188,0.0,93.6,,,125,4.8,65,14.4,95.6,4.9
31057,6JT,3min,reversal_to_open,0.7378,0.762,958,2024-04-30,0.0,,0.0,,0.0,,0.0,,0.0,,500,0.0,,188,0.0,84.0,,,125,0.0,,2.6,93.5,4.9
6557,6JT,5min,opposite_level,0.7374,0.689,1123,2024-04-30,5.3,71,5.3,64,5.3,57,5.9,58,5.9,58,1250,5.9,58,188,8.0,79.2,63,93,125,6.7,58,20.8,97.5,5.0
23349,6JT,3min,fixed_rr,0.737,0.803,886,2024-04-30,10.6,89,11.7,73,13.3,80,13.3,64,12.8,64,1250,13.3,64,188,0.0,96.0,,,125,8.0,64,10.5,96.2,4.9
29291,6JT,3min,opposite_level,0.7322,0.716,1948,2024-04-30,3.2,88,5.3,67,5.3,67,4.8,67,4.8,67,750,5.3,67,188,0.0,95.2,,,125,3.2,67,10.5,98.0,5.0
15315,6JT,3min,opposite_level,0.7245,0.74,999,2024-04-30,5.3,57,3.7,54,3.7,64,3.2,64,3.2,64,500,5.3,57,188,0.0,93.6,,,125,3.2,57,22.0,90.7,4.8
15805,6JT,3min,reversal_to_open,0.7241,0.725,1202,2024-04-30,10.6,91,10.1,79,10.1,79,10.1,79,10.1,79,500,10.6,91,188,0.0,90.4,,,125,6.4,91,6.4,92.8,4.9
16799,6JT,3min,opposite_level,0.7169,0.708,1659,2024-04-30,1.6,110,2.1,109,2.1,109,2.1,109,2.1,109,750,2.1,109,188,1.6,95.2,64,64,125,1.9,102,3.2,96.8,4.9
17283,6JT,3min,opposite_level,0.7161,0.705,831,2024-04-30,7.4,70,6.9,61,6.9,61,6.9,61,6.9,61,500,7.4,70,188,0.0,91.2,,,125,4.5,70,21.1,96.0,4.9
10197,6JT,3min,fixed_rr,0.7134,0.78,1445,2024-04-30,8.0,65,9.6,51,10.1,46,9.6,58,9.6,58,1000,10.1,46,188,4.8,78.4,72,85,125,8.0,51,38.3,95.6,4.9
8227,6JT,3min,opposite_level,0.7091,0.741,1048,2024-04-30,0.0,,0.0,,0.0,,0.0,,0.0,,500,0.0,,188,0.0,94.4,,,124,0.0,,24.0,92.2,4.9
16977,6JT,3min,fixed_rr,0.709,0.795,1097,2024-04-30,6.4,51,9.0,38,10.1,36,9.0,36,9.0,36,1000,10.1,36,188,4.8,92.8,38,59,125,8.0,36,12.1,92.1,4.9
28437,6JT,3min,opposite_level,0.7033,0.738,1299,2024-04-30,13.8,53,13.8,57,13.8,57,13.8,57,13.8,58,500,13.8,53,188,0.8,90.4,32,32,125,8.6,52,19.2,94.7,4.9
30903,6JT,3min,opposite_level,0.7019,0.753,1117,2024-04-30,3.7,37,2.7,46,2.1,51,2.1,51,1.1,51,500,3.7,37,188,0.0,88.8,,,125,2.2,37,5.1,90.6,4.8
4401,6JT,3min,opposite_level,0.7016,0.799,1045,2024-04-30,11.2,82,11.2,82,11.2,82,11.2,82,11.2,82,500,11.2,82,188,0.8,94.4,7,7,125,7.0,82,16.0,89.0,4.8
13715,6JT,3min,fixed_rr,0.6967,0.714,1457,2024-04-30,10.6,93,11.7,79,11.2,74,11.2,74,11.2,74,750,11.7,79,188,0.0,95.2,,,125,7.0,79,26.5,71.6,4.5
6465,6JT,3min,fixed_rr,0.6948,0.72,963,2024-04-30,9.0,206,11.2,127,14.9,102,16.0,88,18.6,80,1500,18.6,80,188,6.4,81.6,72,93,125,13.7,79,7.3,96.7,4.9
16313,6JT,3min,reversal_to_open,0.6942,0.803,660,2024-04-30,6.9,93,6.4,93,5.9,87,6.4,93,6.4,93,500,6.9,93,188,0.0,82.4,,,125,4.2,93,14.1,95.0,4.9
5671,6JT,3min,opposite_level,0.6937,0.772,1028,2024-04-30,6.9,86,4.8,54,6.9,46,6.9,46,6.4,45,1000,6.9,46,188,0.0,88.8,,,125,4.2,46,20.1,96.7,4.9
18011,6JT,3min,opposite_level,0.6926,0.749,794,2024-04-30,0.0,,0.0,,0.5,105,0.5,105,0.5,105,1000,0.5,105,188,0.0,88.8,,,125,0.3,105,18.5,98.5,5.0
31183,6JT,3min,opposite_level,0.6842,0.767,772,2024-04-30,3.2,178,3.2,178,3.2,178,3.2,178,3.2,178,500,3.2,178,188,0.0,96.8,,,125,1.9,178,5.1,92.6,4.9
3395,6JT,3min,opposite_level,0.6817,0.812,1012,2024-04-30,4.3,183,2.1,197,2.1,197,2.1,197,2.1,197,500,4.3,183,188,0.8,96.8,16,16,125,2.9,176,2.9,84.7,4.8
18491,6JT,3min,fixed_rr,0.6782,0.699,1900,2024-04-30,2.1,128,2.7,32,4.3,107,4.3,107,5.9,107,1500,5.9,107,188,1.6,93.6,35,35,125,4.2,100,21.1,98.6,5.0
29165,6JT,3min,reversal_to_open,0.6764,0.661,884,2024-04-30,4.3,72,3.7,64,3.7,64,3.7,64,3.7,64,500,4.3,72,188,0.0,88.8,,,125,2.6,72,0.0,93.7,4.9
9795,6JT,3min,reversal_to_open,0.6759,0.745,797,2024-04-30,10.6,192,9.6,185,7.4,164,9.0,171,5.9,150,500,10.6,192,188,0.0,86.4,,,125,6.4,192,7.0,95.1,4.9
15247,6JT,3min,fixed_rr,0.6741,0.697,683,2024-04-30,2.1,107,5.3,128,5.3,114,5.9,121,5.3,117,1250,5.9,121,188,12.0,80.0,40,59,125,8.3,56,18.8,94.9,4.9
15879,6JT,3min,opposite_level,0.6712,0.74,1058,2024-04-30,0.5,190,0.5,190,0.5,190,0.5,190,0.5,190,500,0.5,190,188,0.0,79.2,,,125,0.3,190,11.8,89.1,4.8
21683,6JT,3min,fixed_rr,0.6679,0.777,659,2024-04-30,4.8,61,15.4,106,16.0,103,17.6,117,16.5,120,1250,17.6,117,188,11.2,79.2,156,187,125,15.0,120,25.9,92.1,4.9
8645,6JT,3min,opposite_level,0.6679,0.705,1232,2024-04-30,4.3,142,2.7,156,1.6,156,1.6,156,1.6,156,500,4.3,142,188,0.0,95.2,,,125,2.6,142,7.3,98.2,5.0
14583,6JT,3min,opposite_level,0.6656,0.736,870,2024-04-30,14.9,93,8.0,86,8.0,86,6.9,79,5.9,72,500,14.9,93,188,0.0,86.4,,,125,8.9,93,21.1,90.5,4.8
26917,6JT,3min,opposite_level,0.6646,0.707,859,2024-04-30,5.3,101,3.7,67,3.2,67,3.2,67,3.2,67,500,5.3,101,188,0.0,91.2,,,125,3.2,101,8.9,86.5,4.8
2711,6JT,3min,fixed_rr,0.6633,0.718,1097,2024-04-30,6.4,218,7.4,190,6.9,232,4.8,99,3.7,92,750,7.4,190,188,0.0,86.4,,,125,4.5,190,17.3,74.6,4.6
12907,6JT,3min,opposite_level,0.6611,0.841,1120,2024-04-30,5.3,205,9.6,150,9.6,150,9.6,150,9.6,150,750,9.6,150,188,0.8,75.0,29,29,124,6.1,143,13.5,87.8,4.8
5073,6JT,3min,fixed_rr,0.6607,0.735,1348,2024-04-30,7.4,96,6.4,75,6.4,75,6.4,65,6.4,65,500,7.4,96,188,0.0,92.8,,,125,4.5,96,4.2,97.1,5.0
16383,6JT,3min,opposite_level,0.653,0.707,968,2024-04-30,0.0,,0.0,,0.0,,0.0,,0.0,,500,0.0,,188,4.0,83.2,35,49,125,1.6,35,8.0,92.8,4.9
3637,6JT,3min,opposite_level,0.6513,0.704,2449,2024-04-30,4.8,51,4.3,51,3.7,38,3.7,38,3.7,38,500,4.8,51,188,0.0,94.4,,,125,2.9,51,18.8,96.6,4.9
13141,6JT,3min,opposite_level,0.6479,0.598,4408,2024-04-30,2.7,26,3.2,26,4.3,24,5.3,19,5.3,19,1250,5.3,19,188,14.4,79.2,31,60,125,8.9,24,24.0,95.8,4.9
24499,6JT,3min,reversal_to_open,0.6456,0.744,850,2024-04-30,2.7,114,5.9,107,5.9,107,5.9,107,5.9,107,750,5.9,107,188,0.0,93.6,,,125,3.5,107,6.1,96.9,4.9
11397,6JT,3min,opposite_level,0.64,0.709,1135,2024-04-30,6.9,226,7.4,110,7.4,123,8.0,117,3.2,77,1250,8.0,117,188,5.6,82.4,50,71,125,7.0,94,19.5,90.3,4.8
24445,6JT,3min,fixed_rr,0.6379,0.655,801,2024-04-30,8.5,66,8.0,54,9.6,53,9.6,53,9.0,53,1000,9.6,53,188,0.0,91.2,,,125,5.8,53,32.9,96.5,4.9
25469,6JT,3min,opposite_level,0.6365,0.632,1407,2024-04-30,1.1,54,1.6,33,1.6,63,1.6,63,1.6,63,750,1.6,33,188,1.6,94.4,43,43,124,1.6,36,7.4,95.5,4.9
25005,6JT,3min,opposite_level,0.6357,0.665,1725,2024-04-30,2.1,79,2.7,79,3.7,79,3.7,72,3.2,79,1250,3.7,72,188,0.0,92.8,,,125,2.2,72,14.7,99.1,5.0
19683,6JT,3min,opposite_level,0.6335,0.737,1142,2024-04-30,8.0,87,8.5,92,8.5,92,8.5,92,8.5,92,750,8.5,92,188,0.0,88.8,,,125,5.1,92,10.5,99.5,5.0
33599,6JT,3min,opposite_level,0.6307,0.707,746,2024-04-30,5.3,100,3.2,310,2.1,171,2.7,137,4.3,149,500,5.3,100,188,0.0,80.5,,,123,3.2,100,17.7,59.9,4.3
927,6JT,3min,reversal_to_open,0.6267,0.82,851,2024-04-30,16.0,268,13.3,254,12.8,254,10.1,238,10.1,238,500,16.0,268,188,0.0,86.4,,,125,9.6,268,9.3,95.4,4.9
10271,6JT,3min,opposite_level,0.6237,0.753,805,2024-04-30,12.2,121,5.9,89,4.8,58,3.2,44,3.2,44,500,12.2,121,188,4.0,84.8,86,100,125,8.9,114,7.7,94.0,4.9
25023,6JT,3min,opposite_level,0.6231,0.749,985,2024-04-30,2.7,120,2.1,120,2.1,120,2.7,117,2.7,117,1250,2.7,117,188,2.4,95.2,24,53,125,2.6,110,5.1,97.6,4.9
18443,6JT,3min,opposite_level,0.6227,0.75,1434,2024-04-30,1.6,45,2.7,59,2.7,52,1.6,38,1.6,38,1000,2.7,52,188,0.0,93.6,,,125,1.6,52,15.3,98.4,5.0
28593,6JT,3min,opposite_level,0.6215,0.749,638,2024-04-30,3.7,253,2.7,246,2.7,246,2.7,246,2.7,246,500,3.7,253,188,0.0,90.4,,,125,2.2,253,9.9,94.7,4.9
23379,6JT,3min,fixed_rr,0.613,0.612,786,2024-04-30,4.8,109,4.8,63,5.3,57,5.3,53,5.3,53,1250,5.3,53,188,0.8,88.0,52,52,125,3.5,52,0.0,98.9,5.0
30877,6JT,3min,opposite_level,0.613,0.798,721,2024-04-30,1.1,255,1.1,255,1.1,255,1.1,255,1.1,255,500,1.1,255,188,0.0,92.8,,,125,0.6,255,0.0,84.6,4.7
24521,6JT,3min,fixed_rr,0.61,0.642,675,2024-04-30,4.8,168,8.5,80,8.5,73,9.0,73,9.0,66,1500,9.0,66,188,0.0,84.8,,,125,5.4,66,0.0,98.8,5.0
6395,6JT,3min,fixed_rr,0.607,0.722,655,2024-04-30,0.0,,0.0,,0.0,,0.0,,0.0,,500,0.0,,188,0.0,78.4,,,125,0.0,,10.5,52.8,4.1
8849,6JT,3min,opposite_level,0.6064,0.753,1602,2024-04-30,4.8,59,5.9,59,6.4,73,6.4,73,6.9,52,1500,6.9,52,188,0.0,93.6,,,125,4.2,52,15.3,99.4,5.0
20725,6JT,3min,opposite_level,0.6022,0.711,812,2024-04-30,0.0,,0.0,,0.0,,0.0,,0.0,,500,0.0,,188,0.0,94.4,,,125,0.0,,4.8,96.4,4.9
18971,6JT,3min,reversal_to_open,0.6014,0.725,999,2024-04-30,6.4,163,6.4,130,6.4,130,6.4,130,6.4,130,750,6.4,130,188,4.0,90.4,72,93,125,5.4,102,13.7,98.4,5.0
7685,6JT,3min,fixed_rr,0.5997,0.77,786,2024-04-30,4.3,312,5.3,331,6.9,319,5.3,312,5.3,312,1000,6.9,319,188,0.0,93.5,,,124,4.2,319,30.4,96.4,4.9
13977,6JT,3min,fixed_rr,0.5959,0.632,1451,2024-04-30,6.4,35,5.9,68,6.4,75,5.9,75,5.9,75,500,6.4,35,188,2.4,93.6,40,197,125,4.8,35,8.0,74.6,4.5
33569,6JT,3min,opposite_level,0.5927,0.62,1288,2024-04-30,2.7,58,4.8,65,6.4,100,6.4,100,6.4,100,1000,6.4,100,188,0.0,92.0,,,125,3.8,100,14.4,99.8,5.0
24089,6JT,3min,opposite_level,0.5906,0.66,820,2024-04-30,0.5,59,1.1,59,0.5,59,0.0,,0.0,,750,1.1,59,188,0.8,92.8,29,29,125,1.0,45,9.9,98.5,5.0
3667,6JT,3min,fixed_rr,0.5845,0.698,1028,2024-04-30,9.1,35,7.5,32,7.5,35,7.5,35,7.5,35,500,9.1,35,187,0.0,94.4,,,125,5.4,35,10.6,92.7,4.9
27393,6JT,3min,fixed_rr,0.5838,0.716,851,2024-04-30,4.3,60,7.4,39,6.9,39,6.4,39,6.4,39,750,7.4,39,188,12.1,82.3,157,234,124,9.3,101,26.3,94.9,4.9
30005,6JT,3min,reversal_to_open,0.5808,0.696,1061,2024-04-30,0.0,,0.0,,0.0,,0.0,,0.0,,500,0.0,,188,2.4,94.4,95,128,125,1.0,95,6.7,83.7,4.7
26301,6JT,3min,opposite_level,0.5806,0.736,804,2024-04-30,10.1,86,9.0,113,8.5,159,7.4,152,7.4,152,500,10.1,86,188,1.6,74.4,86,86,125,6.7,86,31.0,94.2,4.9
20183,6JT,3min,reversal_to_open,0.5767,0.608,1506,2024-04-30,0.0,,0.0,,0.0,,0.0,,0.0,,500,0.0,,188,0.0,86.4,,,125,0.0,,2.2,96.7,4.9
20067,6JT,3min,fixed_rr,0.5766,0.704,649,2024-04-30,0.0,,0.0,,0.0,,0.0,,0.0,,500,0.0,,188,0.0,90.4,,,125,0.0,,0.0,95.1,4.9
11025,6JT,3min,opposite_level,0.576,0.673,1086,2024-04-30,0.0,,0.0,,0.0,,0.0,,0.0,,500,0.0,,188,0.0,93.6,,,125,0.0,,11.2,94.5,4.9
20623,6JT,3min,opposite_level,0.5756,0.694,1065,2024-04-30,1.1,108,2.1,129,2.1,129,2.1,129,2.1,129,750,2.1,129,188,2.4,86.4,23,25,125,2.2,58,16.0,90.8,4.8
25387,6JT,3min,fixed_rr,0.573,0.729,981,2024-04-30,2.1,80,2.1,68,2.7,47,2.7,47,2.7,47,1000,2.7,47,188,0.0,94.4,,,125,1.6,47,8.9,99.7,5.0
11039,6JT,3min,fixed_rr,0.5718,0.67,1429,2024-04-30,2.1,107,5.9,80,3.2,107,3.2,107,1.6,128,750,5.9,80,188,3.2,84.8,51,85,125,4.8,73,29.1,69.5,4.4
22021,6JT,3min,fixed_rr,0.5703,0.752,887,2024-04-30,12.2,117,10.1,68,10.6,68,11.2,67,11.2,67,500,12.2,117,188,4.8,84.8,52,68,125,9.3,82,4.5,78.6,4.7
4731,6JT,3min,fixed_rr,0.5689,0.76,894,2024-04-30,11.2,64,11.7,58,11.7,53,11.7,53,11.7,53,1000,11.7,53,188,3.2,91.2,36,113,125,8.3,53,12.5,98.2,5.0
6775,6JT,3min,fixed_rr,0.5661,0.673,985,2024-04-30,10.6,151,12.8,60,12.8,63,10.1,53,10.1,53,750,12.8,60,188,3.2,84.8,344,351,125,8.9,64,16.6,74.4,4.5
23907,6JT,3min,opposite_level,0.566,0.647,2168,2024-04-30,4.8,58,5.3,65,5.9,60,5.9,60,5.9,60,1000,5.9,60,188,1.6,92.0,127,127,125,4.2,60,14.7,99.7,5.0
21813,6JT,3min,reversal_to_open,0.565,0.611,899,2024-04-30,0.5,56,3.7,148,3.7,148,3.7,148,3.7,148,750,3.7,148,188,0.0,86.4,,,125,2.2,148,0.0,97.4,5.0
26563,6JT,3min,reversal_to_open,0.5639,0.657,735,2024-04-30,2.7,40,2.7,40,2.7,40,2.7,40,2.7,40,500,2.7,40,187,0.0,93.6,,,125,1.6,40,6.7,91.8,4.8
19005,6JT,3min,fixed_rr,0.5639,0.605,2208,2024-04-30,3.2,145,6.4,131,6.4,138,7.4,131,7.4,131,1250,7.4,131,188,4.0,92.0,19,26,125,6.1,26,32.9,95.2,4.9
22335,6JT,3min,opposite_level,0.5623,0.605,2492,2024-04-30,0.5,52,0.0,,0.0,,0.0,,0.0,,500,0.5,52,188,0.8,92.8,17,17,125,0.6,52,13.4,97.9,5.0
28979,6JT,3min,fixed_rr,0.5612,0.804,792,2024-04-30,16.5,106,17.0,114,17.6,113,17.6,113,17.6,113,1000,17.6,113,188,0.0,96.0,,,125,10.5,113,10.9,94.7,4.9
27145,6JT,3min,opposite_level,0.5607,0.627,718,2024-04-30,0.0,,0.0,,0.5,73,0.5,73,0.5,73,1000,0.5,73,188,0.0,91.2,,,125,0.3,73,12.1,98.7,5.0
4761,6JT,3min,opposite_level,0.5547,0.691,1826,2024-04-30,8.0,121,4.8,206,3.2,107,2.7,100,2.7,100,500,8.0,121,188,3.2,93.6,25,29,125,6.1,108,18.8,90.2,4.8
24903,6JT,3min,opposite_level,0.5543,0.67,1232,2024-04-30,9.6,99,9.6,178,10.1,156,10.6,156,10.6,156,1250,10.6,156,188,0.0,86.4,,,125,6.4,156,13.1,96.7,4.9
19997,6JT,3min,fixed_rr,0.5534,0.664,1173,2024-04-30,6.4,100,6.9,93,8.5,71,8.0,71,8.0,71,1000,8.5,71,188,4.8,84.0,95,109,125,7.0,81,1.3,96.2,4.9
12563,6JT,3min,opposite_level,0.5518,0.758,720,2024-04-30,6.9,72,6.9,113,6.9,145,4.8,169,4.8,169,500,6.9,72,188,12.0,60.0,78,128,125,8.9,78,15.7,93.9,4.9
9093,6JT,3min,opposite_level,0.5504,0.614,1979,2024-04-30,5.3,81,8.0,67,9.6,81,9.0,67,9.0,67,1000,9.6,81,188,4.0,86.4,26,71,125,7.3,67,9.9,93.7,4.9
